"시군구별(1)",시군구별(2),2024.01,2024.01,2024.01,2024.01,2024.01,2024.01,2024.01,2024.01,2024.01,2024.01,2024.01,2024.01,2024.01,2024.01,2024.01,2024.01,2024.02,2024.02,2024.02,2024.02,2024.02,2024.02,2024.02,2024.02,2024.02,2024.02,2024.02,2024.02,2024.02,2024.02,2024.02,2024.02,2024.03,2024.03,2024.03,2024.03,2024.03,2024.03,2024.03,2024.03,2024.03,2024.03,2024.03,2024.03,2024.03,2024.03,2024.03,2024.03,2024.04,2024.04,2024.04,2024.04,2024.04,2024.04,2024.04,2024.04,2024.04,2024.04,2024.04,2024.04,2024.04,2024.04,2024.04,2024.04,2024.05,2024.05,2024.05,2024.05,2024.05,2024.05,2024.05,2024.05,2024.05,2024.05,2024.05,2024.05,2024.05,2024.05,2024.05,2024.05,2024.06,2024.06,2024.06,2024.06,2024.06,2024.06,2024.06,2024.06,2024.06,2024.06,2024.06,2024.06,2024.06,2024.06,2024.06,2024.06,2024.07,2024.07,2024.07,2024.07,2024.07,2024.07,2024.07,2024.07,2024.07,2024.07,2024.07,2024.07,2024.07,2024.07,2024.07,2024.07,2024.08,2024.08,2024.08,2024.08,2024.08,2024.08,2024.08,2024.08,2024.08,2024.08,2024.08,2024.08,2024.08,2024.08,2024.08,2024.08,2024.09,2024.09,2024.09,2024.09,2024.09,2024.09,2024.09,2024.09,2024.09,2024.09,2024.09,2024.09,2024.09,2024.09,2024.09,2024.09
"시군구별(1)",시군구별(2),용도지역별,용도지역별,용도지역별,용도지역별,용도지역별,용도지역별,용도지역별,용도지역별,용도지역별,용도지역별,이용현황별,이용현황별,이용현황별,이용현황별,이용현황별,이용현황별,용도지역별,용도지역별,용도지역별,용도지역별,용도지역별,용도지역별,용도지역별,용도지역별,용도지역별,용도지역별,이용현황별,이용현황별,이용현황별,이용현황별,이용현황별,이용현황별,용도지역별,용도지역별,용도지역별,용도지역별,용도지역별,용도지역별,용도지역별,용도지역별,용도지역별,용도지역별,이용현황별,이용현황별,이용현황별,이용현황별,이용현황별,이용현황별,용도지역별,용도지역별,용도지역별,용도지역별,용도지역별,용도지역별,용도지역별,용도지역별,용도지역별,용도지역별,이용현황별,이용현황별,이용현황별,이용현황별,이용현황별,이용현황별,용도지역별,용도지역별,용도지역별,용도지역별,용도지역별,용도지역별,용도지역별,용도지역별,용도지역별,용도지역별,이용현황별,이용현황별,이용현황별,이용현황별,이용현황별,이용현황별,용도지역별,용도지역별,용도지역별,용도지역별,용도지역별,용도지역별,용도지역별,용도지역별,용도지역별,용도지역별,이용현황별,이용현황별,이용현황별,이용현황별,이용현황별,이용현황별,용도지역별,용도지역별,용도지역별,용도지역별,용도지역별,용도지역별,용도지역별,용도지역별,용도지역별,용도지역별,이용현황별,이용현황별,이용현황별,이용현황별,이용현황별,이용현황별,용도지역별,용도지역별,용도지역별,용도지역별,용도지역별,용도지역별,용도지역별,용도지역별,용도지역별,용도지역별,이용현황별,이용현황별,이용현황별,이용현황별,이용현황별,이용현황별,용도지역별,용도지역별,용도지역별,용도지역별,용도지역별,용도지역별,용도지역별,용도지역별,용도지역별,용도지역별,이용현황별,이용현황별,이용현황별,이용현황별,이용현황별,이용현황별
"시군구별(1)",시군구별(2),주거지역,상업지역,공업지역,녹지지역,보전관리지역,생산관리지역,계획관리지역,관리(통합)지역,농림지역,자연환경보전지역,전,답,주거용,상업용,임야,공업용,주거지역,상업지역,공업지역,녹지지역,보전관리지역,생산관리지역,계획관리지역,관리(통합)지역,농림지역,자연환경보전지역,전,답,주거용,상업용,임야,공업용,주거지역,상업지역,공업지역,녹지지역,보전관리지역,생산관리지역,계획관리지역,관리(통합)지역,농림지역,자연환경보전지역,전,답,주거용,상업용,임야,공업용,주거지역,상업지역,공업지역,녹지지역,보전관리지역,생산관리지역,계획관리지역,관리(통합)지역,농림지역,자연환경보전지역,전,답,주거용,상업용,임야,공업용,주거지역,상업지역,공업지역,녹지지역,보전관리지역,생산관리지역,계획관리지역,관리(통합)지역,농림지역,자연환경보전지역,전,답,주거용,상업용,임야,공업용,주거지역,상업지역,공업지역,녹지지역,보전관리지역,생산관리지역,계획관리지역,관리(통합)지역,농림지역,자연환경보전지역,전,답,주거용,상업용,임야,공업용,주거지역,상업지역,공업지역,녹지지역,보전관리지역,생산관리지역,계획관리지역,관리(통합)지역,농림지역,자연환경보전지역,전,답,주거용,상업용,임야,공업용,주거지역,상업지역,공업지역,녹지지역,보전관리지역,생산관리지역,계획관리지역,관리(통합)지역,농림지역,자연환경보전지역,전,답,주거용,상업용,임야,공업용,주거지역,상업지역,공업지역,녹지지역,보전관리지역,생산관리지역,계획관리지역,관리(통합)지역,농림지역,자연환경보전지역,전,답,주거용,상업용,임야,공업용
"서울특별시",종로구,0.159,0.169,-,0.002,-,-,-,-,-,-,0.067,-,0.160,0.164,0.028,-,0.169,0.200,-,0.038,-,-,-,-,-,-,0.000,-,0.159,0.212,0.028,-,0.192,0.226,-,0.028,-,-,-,-,-,-,0.000,-,0.191,0.215,0.026,-,0.250,0.270,-,0.043,-,-,-,-,-,-,0.033,-,0.257,0.254,0.029,-,0.256,0.298,-,0.027,-,-,-,-,-,-,0.000,-,0.258,0.278,0.022,-,0.265,0.291,-,0.027,-,-,-,-,-,-,0.033,-,0.264,0.289,0.010,-,0.289,0.251,-,0.036,-,-,-,-,-,-,0.033,-,0.290,0.259,0.008,-,0.295,0.267,-,0.021,-,-,-,-,-,-,0.100,-,0.305,0.270,0.022,-,0.305,0.283,-,0.021,-,-,-,-,-,-,0.033,-,0.302,0.291,0.022,-
"서울특별시",중구,0.138,0.158,-,-,-,-,-,-,-,-,-,-,0.167,0.151,-,-,0.141,0.150,-,-,-,-,-,-,-,-,-,-,0.141,0.149,-,-,0.185,0.179,-,-,-,-,-,-,-,-,-,-,0.195,0.181,-,-,0.200,0.192,-,-,-,-,-,-,-,-,-,-,0.193,0.194,-,-,0.177,0.196,-,-,-,-,-,-,-,-,-,-,0.180,0.194,-,-,0.157,0.214,-,-,-,-,-,-,-,-,-,-,0.191,0.200,-,-,0.165,0.223,-,-,-,-,-,-,-,-,-,-,0.185,0.208,-,-,0.269,0.226,-,-,-,-,-,-,-,-,-,-,0.344,0.222,-,-,0.260,0.200,-,-,-,-,-,-,-,-,-,-,0.338,0.197,-,-
"서울특별시",용산구,0.189,0.169,-,-,-,-,-,-,-,-,-,-,0.185,0.134,-,-,0.248,0.311,-,-,-,-,-,-,-,-,-,-,0.248,0.253,-,-,0.232,0.233,-,-,-,-,-,-,-,-,-,-,0.215,0.268,-,-,0.286,0.188,-,-,-,-,-,-,-,-,-,-,0.252,0.187,-,-,0.295,0.251,-,-,-,-,-,-,-,-,-,-,0.263,0.367,-,-,0.345,0.234,-,-,-,-,-,-,-,-,-,-,0.378,0.265,-,-,0.300,0.321,-,-,-,-,-,-,-,-,-,-,0.314,0.274,-,-,0.362,0.354,-,-,-,-,-,-,-,-,-,-,0.415,0.239,-,-,0.364,0.451,-,-,-,-,-,-,-,-,-,-,0.375,0.372,-,-
"서울특별시",성동구,0.128,0.090,0.350,-,-,-,-,-,-,-,-,-,0.134,0.219,-,0.302,0.109,0.111,0.317,-,-,-,-,-,-,-,-,-,0.118,0.175,-,0.320,0.137,0.122,0.392,-,-,-,-,-,-,-,-,-,0.132,0.263,-,0.373,0.150,0.090,0.404,-,-,-,-,-,-,-,-,-,0.170,0.262,-,0.373,0.179,0.047,0.423,-,-,-,-,-,-,-,-,-,0.193,0.276,-,0.363,0.195,0.114,0.429,-,-,-,-,-,-,-,-,-,0.225,0.287,-,0.349,0.200,0.124,0.494,-,-,-,-,-,-,-,-,-,0.216,0.323,-,0.422,0.179,0.136,0.561,-,-,-,-,-,-,-,-,-,0.210,0.315,-,0.271,0.201,0.215,0.504,-,-,-,-,-,-,-,-,-,0.234,0.301,-,0.470
"서울특별시",광진구,0.133,0.252,-,0.057,-,-,-,-,-,-,-,-,0.141,0.145,0.025,-,0.138,0.288,-,0.031,-,-,-,-,-,-,-,-,0.118,0.221,0.060,-,0.133,0.135,-,0.017,-,-,-,-,-,-,-,-,0.115,0.151,0.012,-,0.163,0.372,-,0.064,-,-,-,-,-,-,-,-,0.184,0.189,0.090,-,0.170,0.215,-,0.021,-,-,-,-,-,-,-,-,0.166,0.188,0.042,-,0.174,0.097,-,0.046,-,-,-,-,-,-,-,-,0.179,0.129,0.090,-,0.163,0.168,-,0.020,-,-,-,-,-,-,-,-,0.160,0.151,0.038,-,0.218,0.259,-,0.045,-,-,-,-,-,-,-,-,0.196,0.270,0.031,-,0.267,0.322,-,0.062,-,-,-,-,-,-,-,-,0.229,0.337,0.043,-
"서울특별시",동대문구,0.147,0.163,-,-,-,-,-,-,-,-,-,-,0.150,0.149,0.112,-,0.140,0.139,-,-,-,-,-,-,-,-,-,-,0.141,0.137,0.014,-,0.175,0.262,-,-,-,-,-,-,-,-,-,-,0.180,0.201,0.071,-,0.206,0.199,-,-,-,-,-,-,-,-,-,-,0.211,0.202,0.036,-,0.222,0.237,-,-,-,-,-,-,-,-,-,-,0.222,0.233,0.039,-,0.275,0.302,-,-,-,-,-,-,-,-,-,-,0.290,0.265,0.145,-,0.329,0.278,-,-,-,-,-,-,-,-,-,-,0.371,0.266,0.067,-,0.268,0.333,-,-,-,-,-,-,-,-,-,-,0.291,0.258,0.057,-,0.249,0.253,-,-,-,-,-,-,-,-,-,-,0.252,0.255,0.057,-
"서울특별시",중랑구,0.131,0.144,-,0.047,-,-,-,-,-,-,0.009,-,0.118,0.145,0.063,-,0.129,0.092,-,0.071,-,-,-,-,-,-,0.095,-,0.121,0.130,0.074,-,0.129,0.110,-,0.041,-,-,-,-,-,-,0.005,-,0.132,0.116,0.132,-,0.136,0.138,-,0.050,-,-,-,-,-,-,0.022,-,0.135,0.117,0.105,-,0.179,0.270,-,0.037,-,-,-,-,-,-,0.018,-,0.200,0.125,0.078,-,0.202,0.041,-,0.112,-,-,-,-,-,-,0.157,-,0.201,0.164,0.026,-,0.182,0.287,-,0.240,-,-,-,-,-,-,0.328,-,0.197,0.220,0.095,-,0.190,0.123,-,0.103,-,-,-,-,-,-,0.009,-,0.213,0.125,0.050,-,0.218,0.158,-,0.073,-,-,-,-,-,-,0.129,-,0.245,0.124,0.008,-
"서울특별시",성북구,0.142,0.104,-,0.136,-,-,-,-,-,-,0.094,-,0.152,0.100,0.160,-,0.148,0.102,-,0.058,-,-,-,-,-,-,0.094,-,0.158,0.099,0.124,-,0.158,0.119,-,0.120,-,-,-,-,-,-,0.188,-,0.172,0.118,0.096,-,0.181,0.153,-,0.079,-,-,-,-,-,-,0.188,-,0.194,0.143,0.053,-,0.185,0.129,-,0.104,-,-,-,-,-,-,0.187,-,0.188,0.148,0.186,-,0.194,0.153,-,0.143,-,-,-,-,-,-,0.187,-,0.201,0.160,0.125,-,0.215,0.179,-,0.149,-,-,-,-,-,-,0.187,-,0.230,0.177,0.087,-,0.215,0.158,-,0.115,-,-,-,-,-,-,0.093,-,0.219,0.170,0.216,-,0.206,0.148,-,0.136,-,-,-,-,-,-,0.186,-,0.213,0.173,0.209,-
"서울특별시",강북구,0.132,0.126,-,0.033,-,-,-,-,-,-,-,-,0.134,0.123,0.041,-,0.122,0.130,-,0.034,-,-,-,-,-,-,-,-,0.117,0.131,0.011,-,0.122,0.159,-,0.052,-,-,-,-,-,-,-,-,0.105,0.149,0.184,-,0.147,0.154,-,0.015,-,-,-,-,-,-,-,-,0.141,0.137,0.138,-,0.145,0.159,-,0.164,-,-,-,-,-,-,-,-,0.147,0.170,0.015,-,0.157,0.223,-,0.149,-,-,-,-,-,-,-,-,0.149,0.197,0.185,-,0.158,0.169,-,0.136,-,-,-,-,-,-,-,-,0.150,0.169,0.199,-,0.148,0.135,-,0.114,-,-,-,-,-,-,-,-,0.145,0.155,0.082,-,0.154,0.148,-,0.094,-,-,-,-,-,-,-,-,0.154,0.152,0.061,-
"서울특별시",도봉구,0.123,0.109,0.161,0.038,-,-,-,-,-,-,0.068,-,0.137,0.102,0.049,-,0.128,0.082,0.113,0.035,-,-,-,-,-,-,0.031,-,0.132,0.099,0.027,-,0.132,0.070,0.102,0.028,-,-,-,-,-,-,0.079,-,0.135,0.087,0.013,-,0.137,0.124,0.159,0.084,-,-,-,-,-,-,0.095,-,0.137,0.125,0.076,-,0.135,0.139,0.144,0.138,-,-,-,-,-,-,0.006,-,0.110,0.169,0.177,-,0.157,0.292,0.150,0.029,-,-,-,-,-,-,0.078,-,0.176,0.124,0.025,-,0.149,0.412,0.141,0.051,-,-,-,-,-,-,0.039,-,0.149,0.170,0.077,-,0.131,0.400,0.160,0.046,-,-,-,-,-,-,0.037,-,0.117,0.191,0.053,-,0.110,0.331,0.134,0.076,-,-,-,-,-,-,0.051,-,0.100,0.169,0.056,-
"서울특별시",노원구,0.145,0.108,-,0.053,-,-,-,-,-,-,0.116,-,0.134,0.122,0.093,-,0.130,0.119,-,0.115,-,-,-,-,-,-,0.110,-,0.159,0.113,0.103,-,0.129,0.121,-,0.101,-,-,-,-,-,-,0.008,-,0.130,0.115,0.072,-,0.132,0.122,-,0.063,-,-,-,-,-,-,0.100,-,0.128,0.123,0.085,-,0.158,0.135,-,0.082,-,-,-,-,-,-,0.115,-,0.152,0.134,0.094,-,0.167,0.150,-,0.050,-,-,-,-,-,-,0.081,-,0.173,0.148,0.026,-,0.166,0.169,-,0.078,-,-,-,-,-,-,0.100,-,0.157,0.150,0.078,-,0.169,0.163,-,0.145,-,-,-,-,-,-,0.098,-,0.175,0.158,0.104,-,0.180,0.143,-,0.087,-,-,-,-,-,-,0.129,-,0.167,0.164,0.126,-
"서울특별시",은평구,0.136,0.143,-,0.080,-,-,-,-,-,-,0.038,-,0.146,0.103,0.025,-,0.118,0.158,-,0.067,-,-,-,-,-,-,0.084,-,0.109,0.154,0.105,-,0.158,0.254,-,0.062,-,-,-,-,-,-,0.088,-,0.156,0.183,0.021,-,0.182,0.258,-,0.062,-,-,-,-,-,-,0.043,-,0.179,0.220,0.037,-,0.180,0.162,-,0.067,-,-,-,-,-,-,0.057,-,0.171,0.170,0.041,-,0.201,0.210,-,0.116,-,-,-,-,-,-,0.090,-,0.220,0.201,0.048,-,0.238,0.228,-,0.067,-,-,-,-,-,-,0.037,-,0.230,0.218,0.047,-,0.232,0.236,-,0.089,-,-,-,-,-,-,0.070,-,0.221,0.245,0.051,-,0.194,0.335,-,0.066,-,-,-,-,-,-,0.082,-,0.184,0.207,0.124,-
"서울특별시",서대문구,0.149,0.101,-,0.015,-,-,-,-,-,-,-,-,0.172,0.088,0.025,-,0.127,0.036,-,0.068,-,-,-,-,-,-,-,-,0.130,0.082,0.095,-,0.162,0.145,-,0.102,-,-,-,-,-,-,-,-,0.142,0.231,0.067,-,0.206,0.161,-,0.104,-,-,-,-,-,-,-,-,0.221,0.197,0.031,-,0.199,0.165,-,0.067,-,-,-,-,-,-,-,-,0.239,0.143,0.045,-,0.243,0.159,-,0.093,-,-,-,-,-,-,-,-,0.197,0.347,0.069,-,0.263,0.258,-,0.146,-,-,-,-,-,-,-,-,0.292,0.276,0.092,-,0.257,0.349,-,0.084,-,-,-,-,-,-,-,-,0.219,0.390,0.055,-,0.237,0.439,-,0.114,-,-,-,-,-,-,-,-,0.219,0.322,0.094,-
"서울특별시",마포구,0.155,0.171,-,-,-,-,-,-,-,-,-,-,0.152,0.161,-,-,0.152,0.162,-,-,-,-,-,-,-,-,-,-,0.144,0.158,-,-,0.203,0.195,-,-,-,-,-,-,-,-,-,-,0.190,0.212,-,-,0.225,0.246,-,-,-,-,-,-,-,-,-,-,0.221,0.233,-,-,0.229,0.237,-,-,-,-,-,-,-,-,-,-,0.211,0.253,-,-,0.231,0.256,-,-,-,-,-,-,-,-,-,-,0.221,0.246,-,-,0.287,0.237,-,-,-,-,-,-,-,-,-,-,0.343,0.187,-,-,0.226,0.333,-,-,-,-,-,-,-,-,-,-,0.242,0.239,-,-,0.262,0.474,-,-,-,-,-,-,-,-,-,-,0.222,0.382,-,-
"서울특별시",양천구,0.161,0.151,-,0.104,-,-,-,-,-,-,-,-,0.129,0.188,0.290,-,0.163,0.281,-,0.209,-,-,-,-,-,-,-,-,0.158,0.204,0.219,-,0.192,0.193,-,0.082,-,-,-,-,-,-,-,-,0.199,0.162,0.135,-,0.173,0.169,-,0.092,-,-,-,-,-,-,-,-,0.188,0.136,0.017,-,0.194,0.170,-,0.126,-,-,-,-,-,-,-,-,0.193,0.177,0.167,-,0.233,0.234,-,0.034,-,-,-,-,-,-,-,-,0.235,0.220,0.038,-,0.248,0.230,-,0.083,-,-,-,-,-,-,-,-,0.241,0.240,0.103,-,0.235,0.285,-,0.084,-,-,-,-,-,-,-,-,0.226,0.241,0.089,-,0.206,0.206,-,0.078,-,-,-,-,-,-,-,-,0.199,0.199,0.100,-
"서울특별시",강서구,0.143,0.129,0.117,0.083,-,-,-,-,-,-,0.070,0.052,0.151,0.115,0.134,0.215,0.156,0.235,0.281,0.090,-,-,-,-,-,-,0.092,0.070,0.138,0.211,0.144,0.274,0.151,0.188,0.192,0.115,-,-,-,-,-,-,0.072,0.061,0.147,0.167,0.135,0.204,0.146,0.149,0.150,0.107,-,-,-,-,-,-,0.100,0.058,0.133,0.136,0.157,0.246,0.165,0.196,0.222,0.087,-,-,-,-,-,-,0.059,0.089,0.171,0.182,0.070,0.241,0.192,0.198,0.210,0.120,-,-,-,-,-,-,0.106,0.073,0.199,0.198,0.108,0.008,0.204,0.226,0.178,0.177,-,-,-,-,-,-,0.149,0.083,0.207,0.213,0.074,0.135,0.227,0.210,0.245,0.135,-,-,-,-,-,-,0.144,0.084,0.229,0.224,0.174,0.180,0.200,0.250,0.262,0.139,-,-,-,-,-,-,0.145,0.075,0.181,0.245,0.121,0.168
"서울특별시",구로구,0.079,0.135,0.140,0.050,-,-,-,-,-,-,0.051,-,0.066,0.111,0.013,0.233,0.096,0.078,0.164,0.072,-,-,-,-,-,-,0.070,-,0.097,0.101,0.305,0.142,0.094,0.213,0.183,0.077,-,-,-,-,-,-,0.085,-,0.097,0.150,0.054,0.221,0.115,0.054,0.150,0.116,-,-,-,-,-,-,0.069,-,0.085,0.146,0.115,0.253,0.135,0.149,0.150,0.106,-,-,-,-,-,-,0.212,-,0.112,0.176,0.079,0.081,0.127,0.242,0.182,0.104,-,-,-,-,-,-,0.142,-,0.150,0.134,0.285,0.144,0.134,0.161,0.184,0.043,-,-,-,-,-,-,0.013,-,0.112,0.180,0.080,0.120,0.142,0.082,0.160,0.046,-,-,-,-,-,-,0.023,-,0.154,0.121,0.080,0.079,0.153,0.114,0.073,0.057,-,-,-,-,-,-,0.031,-,0.200,0.042,0.027,0.161
"서울특별시",금천구,0.104,0.106,0.109,0.072,-,-,-,-,-,-,-,-,0.102,0.109,0.072,0.123,0.120,0.112,0.130,0.077,-,-,-,-,-,-,-,-,0.116,0.124,0.077,0.169,0.121,0.144,0.148,0.065,-,-,-,-,-,-,-,-,0.122,0.134,0.065,0.171,0.131,0.142,0.144,0.027,-,-,-,-,-,-,-,-,0.132,0.134,0.027,0.171,0.132,0.131,0.130,0.109,-,-,-,-,-,-,-,-,0.132,0.133,0.109,0.143,0.147,0.147,0.153,0.129,-,-,-,-,-,-,-,-,0.156,0.138,0.129,0.136,0.145,0.141,0.129,0.129,-,-,-,-,-,-,-,-,0.136,0.145,0.129,0.144,0.142,0.130,0.127,0.060,-,-,-,-,-,-,-,-,0.142,0.140,0.060,0.116,0.109,0.136,0.146,0.037,-,-,-,-,-,-,-,-,0.130,0.101,0.037,0.145
"서울특별시",영등포구,0.214,0.175,0.144,-,-,-,-,-,-,-,-,-,0.177,0.179,-,0.110,0.209,0.201,0.147,-,-,-,-,-,-,-,-,-,0.220,0.176,-,0.134,0.198,0.252,0.148,-,-,-,-,-,-,-,-,-,0.217,0.210,-,0.174,0.196,0.266,0.153,-,-,-,-,-,-,-,-,-,0.234,0.213,-,0.163,0.232,0.263,0.199,-,-,-,-,-,-,-,-,-,0.233,0.235,-,0.211,0.246,0.280,0.212,-,-,-,-,-,-,-,-,-,0.249,0.249,-,0.203,0.260,0.277,0.202,-,-,-,-,-,-,-,-,-,0.277,0.241,-,0.201,0.271,0.286,0.184,-,-,-,-,-,-,-,-,-,0.288,0.240,-,0.189,0.224,0.290,0.182,-,-,-,-,-,-,-,-,-,0.224,0.244,-,0.203
"서울특별시",동작구,0.136,0.134,-,0.073,-,-,-,-,-,-,-,-,0.146,0.119,0.077,-,0.133,0.127,-,0.045,-,-,-,-,-,-,-,-,0.136,0.131,0.066,-,0.204,0.174,-,0.006,-,-,-,-,-,-,-,-,0.209,0.182,0.098,-,0.221,0.203,-,0.108,-,-,-,-,-,-,-,-,0.230,0.205,0.069,-,0.215,0.253,-,0.168,-,-,-,-,-,-,-,-,0.209,0.251,0.086,-,0.218,0.274,-,0.085,-,-,-,-,-,-,-,-,0.206,0.262,0.138,-,0.248,0.279,-,0.133,-,-,-,-,-,-,-,-,0.254,0.258,0.014,-,0.267,0.230,-,0.093,-,-,-,-,-,-,-,-,0.286,0.219,0.076,-,0.230,0.193,-,0.072,-,-,-,-,-,-,-,-,0.245,0.182,0.087,-
"서울특별시",관악구,0.102,0.129,-,0.075,-,-,-,-,-,-,-,-,0.112,0.097,0.047,-,0.132,0.142,-,0.004,-,-,-,-,-,-,-,-,0.153,0.088,0.007,-,0.146,0.139,-,0.060,-,-,-,-,-,-,-,-,0.153,0.127,0.062,-,0.146,0.140,-,0.080,-,-,-,-,-,-,-,-,0.129,0.181,0.075,-,0.224,0.168,-,0.075,-,-,-,-,-,-,-,-,0.216,0.223,0.076,-,0.171,0.131,-,0.056,-,-,-,-,-,-,-,-,0.185,0.135,0.051,-,0.167,0.097,-,0.035,-,-,-,-,-,-,-,-,0.175,0.125,0.035,-,0.158,0.095,-,0.034,-,-,-,-,-,-,-,-,0.194,0.060,0.038,-,0.118,0.229,-,0.041,-,-,-,-,-,-,-,-,0.116,0.169,0.037,-
"서울특별시",서초구,0.161,0.193,-,0.076,-,-,-,-,-,-,0.098,-,0.132,0.189,0.040,-,0.159,0.176,-,0.085,-,-,-,-,-,-,0.079,-,0.142,0.178,0.042,-,0.299,0.352,-,0.211,-,-,-,-,-,-,0.216,-,0.254,0.354,0.161,-,0.312,0.376,-,0.175,-,-,-,-,-,-,0.141,-,0.287,0.358,0.189,-,0.303,0.325,-,0.158,-,-,-,-,-,-,0.142,-,0.288,0.332,0.172,-,0.357,0.365,-,0.182,-,-,-,-,-,-,0.192,-,0.370,0.355,0.127,-,0.377,0.309,-,0.191,-,-,-,-,-,-,0.197,-,0.423,0.320,0.142,-,0.368,0.306,-,0.252,-,-,-,-,-,-,0.311,-,0.377,0.340,0.153,-,0.401,0.432,-,0.299,-,-,-,-,-,-,0.307,-,0.377,0.413,0.181,-
"서울특별시",강남구,0.169,0.284,-,0.060,-,-,-,-,-,-,0.350,-,0.149,0.209,-0.037,-,0.199,0.159,-,0.085,-,-,-,-,-,-,0.095,-,0.167,0.215,0.276,-,0.367,0.558,-,0.187,-,-,-,-,-,-,0.101,-,0.307,0.513,0.306,-,0.377,0.508,-,0.169,-,-,-,-,-,-,0.087,-,0.279,0.498,0.251,-,0.344,0.593,-,0.162,-,-,-,-,-,-,0.232,-,0.300,0.463,0.088,-,0.466,0.443,-,0.460,-,-,-,-,-,-,0.191,-,0.501,0.490,0.679,-,0.458,0.549,-,0.152,-,-,-,-,-,-,0.180,-,0.419,0.549,0.162,-,0.402,0.590,-,0.282,-,-,-,-,-,-,0.300,-,0.391,0.462,0.392,-,0.491,0.612,-,0.318,-,-,-,-,-,-,0.216,-,0.395,0.647,0.421,-
"서울특별시",송파구,0.154,0.088,-,0.000,-,-,-,-,-,-,0.000,-,0.164,0.108,0.000,-,0.120,0.111,-,0.070,-,-,-,-,-,-,0.079,-,0.139,0.093,0.079,-,0.134,0.103,-,0.000,-,-,-,-,-,-,0.000,-,0.130,0.118,0.000,-,0.149,0.145,-,0.050,-,-,-,-,-,-,0.041,-,0.162,0.136,0.071,-,0.186,0.110,-,0.073,-,-,-,-,-,-,0.057,-,0.213,0.138,0.227,-,0.172,0.104,-,0.056,-,-,-,-,-,-,0.045,-,0.172,0.157,0.089,-,0.197,0.093,-,0.173,-,-,-,-,-,-,0.162,-,0.235,0.118,0.000,-,0.235,0.137,-,0.132,-,-,-,-,-,-,0.121,-,0.278,0.146,0.193,-,0.281,0.220,-,0.072,-,-,-,-,-,-,0.073,-,0.328,0.201,0.088,-
"서울특별시",강동구,0.137,0.215,0.015,0.071,-,-,-,-,-,-,0.043,-,0.131,0.189,0.023,-,0.129,0.210,0.106,0.027,-,-,-,-,-,-,0.046,-,0.131,0.102,0.036,-,0.173,0.269,0.201,0.110,-,-,-,-,-,-,0.108,-,0.183,0.173,0.112,-,0.194,0.245,0.106,0.094,-,-,-,-,-,-,0.072,-,0.209,0.215,0.098,-,0.184,0.265,0.143,0.024,-,-,-,-,-,-,0.043,-,0.193,0.172,0.021,-,0.179,0.428,0.057,0.107,-,-,-,-,-,-,0.086,-,0.207,0.194,0.089,-,0.252,0.170,0.180,0.042,-,-,-,-,-,-,0.055,-,0.222,0.287,0.059,-,0.194,0.422,0.092,0.085,-,-,-,-,-,-,0.107,-,0.218,0.185,0.052,-,0.242,0.285,0.000,0.091,-,-,-,-,-,-,0.054,-,0.262,0.210,0.216,-
"부산광역시",중구,-0.014,0.003,-,-,-,-,-,-,-,-,-,-,-0.024,0.007,-,-,-0.021,0.013,-,-,-,-,-,-,-,-,-,-,-0.023,0.013,-,-,-0.043,0.016,-,-,-,-,-,-,-,-,-,-,-0.043,0.016,-,-,-0.017,0.024,-,-,-,-,-,-,-,-,-,-,-0.013,0.022,-,-,-0.013,0.026,-,-,-,-,-,-,-,-,-,-,-0.011,0.028,-,-,0.003,0.035,-,-,-,-,-,-,-,-,-,-,0.005,0.035,-,-,0.166,0.134,-,-,-,-,-,-,-,-,-,-,0.131,0.142,-,-,0.025,0.146,-,-,-,-,-,-,-,-,-,-,0.047,0.145,-,-,0.051,0.125,-,-,-,-,-,-,-,-,-,-,0.053,0.127,-,-
"부산광역시",서구,-0.010,0.014,0.014,0.013,-,-,-,-,-,-,0.044,-,-0.010,0.021,0.002,0.027,-0.035,0.065,0.072,0.017,-,-,-,-,-,-,0.061,-,-0.050,0.139,0.012,0.089,-0.024,0.074,0.122,0.045,-,-,-,-,-,-,0.059,-,-0.030,0.111,0.066,0.110,-0.014,0.109,0.236,0.006,-,-,-,-,-,-,0.003,-,-0.020,0.165,0.042,0.303,-0.001,0.110,0.162,0.010,-,-,-,-,-,-,0.039,-,-0.015,0.145,0.027,0.190,0.027,0.216,0.150,0.023,-,-,-,-,-,-,0.047,-,0.002,0.302,0.027,0.255,0.051,0.268,0.107,0.010,-,-,-,-,-,-,0.024,-,0.014,0.354,0.009,0.180,0.124,0.109,0.124,0.106,-,-,-,-,-,-,0.018,-,0.165,0.022,0.135,0.216,0.114,0.121,0.083,0.043,-,-,-,-,-,-,0.058,-,0.136,0.061,0.029,0.098
"부산광역시",동구,-0.102,0.014,0.040,0.005,-,-,-,-,-,-,-,-,-0.096,0.016,0.006,0.000,-0.147,0.045,0.053,0.042,-,-,-,-,-,-,-,-,-0.125,0.032,0.042,0.080,-0.025,0.045,0.040,0.012,-,-,-,-,-,-,-,-,-0.024,0.064,0.011,0.021,-0.005,0.047,0.133,0.061,-,-,-,-,-,-,-,-,-0.007,0.066,0.062,0.120,-0.009,0.069,0.094,0.137,-,-,-,-,-,-,-,-,-0.009,0.092,0.139,0.101,0.001,0.091,0.149,0.081,-,-,-,-,-,-,-,-,0.004,0.107,0.082,0.224,0.037,0.094,0.161,0.115,-,-,-,-,-,-,-,-,0.031,0.114,0.116,0.242,0.118,0.121,0.161,0.027,-,-,-,-,-,-,-,-,0.131,0.099,0.027,0.142,0.114,0.123,0.094,0.068,-,-,-,-,-,-,-,-,0.117,0.115,0.068,0.141
"부산광역시",영도구,-0.008,-0.001,0.076,-0.050,-,-,-,-,-,-,-0.032,-,-0.004,-0.016,-0.111,0.119,-0.016,0.027,0.243,0.001,-,-,-,-,-,-,0.010,-,-0.013,0.008,-0.005,0.277,-0.020,0.027,0.271,-0.036,-,-,-,-,-,-,-0.074,-,-0.013,-0.002,-0.036,0.354,-0.023,0.027,0.291,-0.037,-,-,-,-,-,-,-0.059,-,-0.023,0.005,-0.023,0.354,-0.031,0.033,0.444,-0.025,-,-,-,-,-,-,-0.052,-,-0.025,0.008,-0.025,0.526,0.038,0.081,0.390,0.036,-,-,-,-,-,-,0.012,-,0.031,0.069,0.089,0.438,0.145,0.082,0.152,0.076,-,-,-,-,-,-,0.127,-,0.128,0.086,0.114,0.134,0.101,0.159,0.094,0.268,-,-,-,-,-,-,0.265,-,0.119,0.091,0.417,0.123,0.074,0.081,0.094,0.163,-,-,-,-,-,-,0.396,-,0.076,0.069,0.118,0.094
"부산광역시",부산진구,-0.038,0.026,-,0.075,-,-,-,-,-,-,0.042,-,-0.052,0.049,0.145,0.046,-0.008,0.008,-,0.069,-,-,-,-,-,-,0.169,-,-0.010,0.028,0.040,0.070,0.076,0.129,-,0.008,-,-,-,-,-,-,0.254,-,0.046,0.199,-0.007,-0.185,0.035,0.143,-,0.094,-,-,-,-,-,-,0.169,-,0.012,0.171,0.006,-0.023,0.082,0.160,-,0.094,-,-,-,-,-,-,0.379,-,0.048,0.191,0.216,0.046,0.133,0.183,-,0.061,-,-,-,-,-,-,0.294,-,0.136,0.129,0.012,0.232,0.105,0.127,-,0.031,-,-,-,-,-,-,0.125,-,0.099,0.128,0.195,0.116,0.187,0.084,-,0.074,-,-,-,-,-,-,0.292,-,0.138,0.141,0.159,0.116,0.085,0.112,-,0.067,-,-,-,-,-,-,-0.083,-,0.071,0.116,0.063,0.277
"부산광역시",동래구,0.012,0.030,-,0.000,-,-,-,-,-,-,0.000,-,0.002,0.027,0.000,-,0.021,0.093,-,0.000,-,-,-,-,-,-,-0.237,-,0.022,0.067,-0.038,-,0.080,0.061,-,0.004,-,-,-,-,-,-,0.063,-,0.031,0.140,-0.040,-,0.130,0.165,-,0.026,-,-,-,-,-,-,0.000,-,0.116,0.156,0.021,-,0.172,0.178,-,0.080,-,-,-,-,-,-,-0.068,-,0.131,0.250,0.092,-,0.160,0.182,-,0.128,-,-,-,-,-,-,0.125,-,0.100,0.255,0.233,-,0.197,0.128,-,0.047,-,-,-,-,-,-,0.000,-,0.126,0.253,0.048,-,0.223,0.156,-,0.012,-,-,-,-,-,-,0.000,-,0.168,0.228,0.013,-,0.150,0.209,-,0.012,-,-,-,-,-,-,0.000,-,0.178,0.143,0.013,-
"부산광역시",남구,0.034,0.117,0.106,0.031,-,-,-,-,-,-,0.031,-,0.060,0.043,-0.011,0.087,0.004,0.102,0.110,0.024,-,-,-,-,-,-,0.106,-,0.002,0.076,0.000,0.137,0.023,0.113,0.110,0.030,-,-,-,-,-,-,0.047,-,0.027,0.068,0.057,0.027,0.023,0.136,0.148,0.054,-,-,-,-,-,-,-0.562,-,0.010,0.289,0.088,0.151,-0.021,0.202,0.224,0.029,-,-,-,-,-,-,-0.256,-,-0.036,0.133,0.148,0.262,-0.004,0.231,0.223,0.043,-,-,-,-,-,-,0.079,-,0.026,0.053,0.070,0.206,0.047,0.276,0.263,0.031,-,-,-,-,-,-,0.117,-,0.065,0.151,0.039,0.333,0.091,0.128,0.132,0.046,-,-,-,-,-,-,0.058,-,0.071,0.136,0.031,0.119,0.136,0.213,0.282,0.081,-,-,-,-,-,-,0.037,-,0.156,0.107,0.124,0.303
"부산광역시",북구,0.017,-0.033,-,0.009,-,-,-,-,-,-,0.021,-,-0.031,0.068,0.011,-,0.029,-0.027,-,0.022,-,-,-,-,-,-,0.049,-,-0.018,0.084,0.007,-,0.075,-0.041,-,0.098,-,-,-,-,-,-,0.032,-,0.002,0.104,0.130,-,0.146,-0.035,-,0.094,-,-,-,-,-,-,0.002,-,0.024,0.218,0.137,-,0.163,-0.058,-,0.063,-,-,-,-,-,-,0.002,-,0.089,0.171,0.055,-,0.155,-0.060,-,0.050,-,-,-,-,-,-,0.022,-,0.113,0.063,0.051,-,0.116,0.097,-,0.061,-,-,-,-,-,-,0.126,-,0.126,0.100,0.018,-,0.120,0.060,-,0.178,-,-,-,-,-,-,0.151,-,0.093,0.141,0.222,-,0.112,0.048,-,0.048,-,-,-,-,-,-,0.071,-,0.093,0.127,0.021,-
"부산광역시",해운대구,0.063,0.045,0.558,0.042,-,-,-,-,-,-,0.301,0.006,-0.002,0.090,0.071,0.682,0.004,0.089,0.082,0.024,-,-,-,-,-,-,0.001,0.003,-0.002,0.011,0.032,0.115,-0.032,0.300,0.158,0.084,-,-,-,-,-,-,0.212,0.187,-0.039,0.227,0.020,0.215,-0.032,0.245,0.440,0.029,-,-,-,-,-,-,0.016,0.049,-0.045,0.173,0.040,0.543,0.031,0.207,0.538,0.018,-,-,-,-,-,-,0.031,0.027,0.020,0.270,0.038,0.704,0.034,0.223,0.081,0.058,-,-,-,-,-,-,0.010,0.003,0.021,0.122,0.020,0.215,0.107,0.301,0.234,0.096,-,-,-,-,-,-,0.069,0.097,0.083,0.282,0.033,0.286,0.089,0.273,0.241,0.124,-,-,-,-,-,-,-0.079,0.224,0.083,0.209,0.124,0.139,0.188,0.275,0.188,0.044,-,-,-,-,-,-,0.010,0.046,0.157,0.202,0.034,0.127
"부산광역시",사하구,-0.006,-0.002,0.035,0.023,-,-,-,-,-,-,0.036,-,-0.011,0.014,-0.006,0.022,0.003,-0.025,0.055,0.021,-,-,-,-,-,-,0.027,-,-0.009,0.007,0.021,0.067,0.016,-0.005,0.139,0.066,-,-,-,-,-,-,-0.023,-,0.013,0.011,0.072,0.163,0.077,0.010,0.186,0.060,-,-,-,-,-,-,0.032,-,0.024,0.140,0.056,0.194,0.086,0.010,0.200,0.080,-,-,-,-,-,-,0.040,-,0.038,0.135,0.097,0.199,0.022,0.186,0.245,0.070,-,-,-,-,-,-,0.036,-,0.047,0.037,0.084,0.260,0.076,-0.015,0.274,0.077,-,-,-,-,-,-,0.009,-,0.123,-0.001,-0.028,0.322,0.041,-0.011,0.294,0.059,-,-,-,-,-,-,0.018,-,0.070,0.009,0.030,0.345,0.036,-0.005,0.329,0.044,-,-,-,-,-,-,0.038,-,0.039,0.049,0.043,0.339
"부산광역시",금정구,0.011,0.032,0.007,-0.003,-,-,-,-,-,-,-0.004,-0.037,-0.011,0.064,-0.019,0.002,0.017,0.039,0.007,-0.009,-,-,-,-,-,-,-0.009,-0.040,-0.011,0.076,-0.018,0.006,0.081,0.079,0.073,-0.005,-,-,-,-,-,-,-0.009,-0.037,0.003,0.208,-0.006,0.083,0.144,0.118,0.084,-0.001,-,-,-,-,-,-,-0.003,0.050,0.011,0.344,-0.015,0.110,0.136,0.104,0.072,-0.013,-,-,-,-,-,-,-0.007,-0.040,0.043,0.265,-0.034,0.101,0.162,0.090,0.083,-0.002,-,-,-,-,-,-,-0.007,-0.010,0.100,0.216,-0.010,0.117,0.173,0.106,0.088,-0.001,-,-,-,-,-,-,-0.004,-0.074,0.120,0.210,-0.002,0.094,0.166,0.074,0.066,0.018,-,-,-,-,-,-,0.044,0.030,0.111,0.198,0.005,0.064,0.113,0.068,0.045,0.014,-,-,-,-,-,-,0.025,0.040,0.076,0.141,-0.014,0.063
"부산광역시",강서구,-0.009,-0.038,0.077,0.050,-,-,-,-,-,-0.045,0.049,0.054,-0.047,-0.009,0.026,0.080,0.052,-0.017,0.094,0.084,-,-,-,-,-,0.079,0.095,0.147,-0.018,0.036,0.057,0.089,0.057,0.020,0.170,0.166,-,-,-,-,-,0.031,0.176,0.180,-0.016,0.037,0.101,0.201,0.198,-0.006,0.354,0.307,-,-,-,-,-,0.035,0.438,0.410,0.005,-0.005,0.059,0.430,0.123,-0.004,0.404,0.342,-,-,-,-,-,0.016,0.314,0.513,0.026,-0.001,0.102,0.432,0.211,-0.008,0.461,0.238,-,-,-,-,-,-0.051,0.296,0.341,0.152,-0.046,0.143,0.586,0.247,-0.077,0.449,0.209,-,-,-,-,-,0.005,0.340,0.316,0.272,-0.055,0.023,0.421,0.182,-0.018,0.525,0.154,-,-,-,-,-,-0.047,0.288,0.164,0.064,-0.003,0.002,0.526,0.194,0.016,0.558,0.182,-,-,-,-,-,-0.010,0.194,0.216,0.186,0.109,0.073,0.438
"부산광역시",연제구,0.009,0.024,-,0.011,-,-,-,-,-,-,-,-,-0.003,0.040,0.007,-,0.007,0.026,-,-0.021,-,-,-,-,-,-,-,-,-0.003,0.059,-0.046,-,0.029,0.127,-,-0.012,-,-,-,-,-,-,-,-,0.011,0.100,-0.001,-,0.086,0.155,-,0.041,-,-,-,-,-,-,-,-,0.031,0.246,-0.150,-,0.086,0.162,-,0.172,-,-,-,-,-,-,-,-,0.066,0.164,0.200,-,0.144,0.105,-,0.104,-,-,-,-,-,-,-,-,0.096,0.219,0.100,-,0.141,0.053,-,0.056,-,-,-,-,-,-,-,-,0.048,0.262,0.237,-,0.161,0.208,-,0.126,-,-,-,-,-,-,-,-,0.109,0.313,-0.109,-,0.236,-0.013,-,0.337,-,-,-,-,-,-,-,-,0.267,0.183,-0.028,-
"부산광역시",수영구,0.155,0.421,-,0.075,-,-,-,-,-,-,0.012,-,0.066,0.465,0.204,-,0.180,0.407,-,0.011,-,-,-,-,-,-,0.009,-,0.047,0.495,0.046,-,0.172,0.398,-,0.026,-,-,-,-,-,-,0.277,-,0.075,0.444,0.010,-,0.223,0.416,-,0.032,-,-,-,-,-,-,0.138,-,0.064,0.514,0.169,-,0.277,0.201,-,0.026,-,-,-,-,-,-,-0.135,-,0.040,0.702,0.273,-,0.264,0.361,-,0.029,-,-,-,-,-,-,-0.239,-,0.033,0.715,0.254,-,0.237,0.305,-,0.079,-,-,-,-,-,-,0.046,-,0.029,0.664,0.092,-,0.215,0.299,-,0.044,-,-,-,-,-,-,0.089,-,0.067,0.535,0.057,-,0.250,0.165,-,0.142,-,-,-,-,-,-,0.054,-,0.051,0.560,0.245,-
"부산광역시",사상구,-0.025,-0.008,0.055,0.002,-,-,-,-,-,-,0.000,-,-0.022,-0.020,0.005,0.071,0.016,-0.039,0.032,0.016,-,-,-,-,-,-,-0.004,-,-0.010,0.028,0.030,0.039,0.024,-0.007,0.153,0.040,-,-,-,-,-,-,0.034,-,0.012,0.052,0.031,0.175,0.064,0.001,0.211,0.074,-,-,-,-,-,-,0.000,-,0.048,0.072,0.173,0.237,0.054,0.011,0.224,0.062,-,-,-,-,-,-,0.012,-,0.046,0.065,0.200,0.258,0.086,0.006,0.158,0.118,-,-,-,-,-,-,0.194,-,0.098,0.046,0.119,0.174,0.096,-0.016,0.243,0.115,-,-,-,-,-,-,0.019,-,0.109,0.065,0.189,0.285,0.092,-0.013,0.208,0.089,-,-,-,-,-,-,0.026,-,0.094,0.089,0.137,0.204,0.086,-0.023,0.174,0.118,-,-,-,-,-,-,0.045,-,0.085,0.028,0.078,0.202
"부산광역시",기장군,0.025,0.024,0.073,0.027,-,-,-,-,-,-,0.026,0.020,0.020,0.025,0.030,0.079,0.020,0.008,0.054,0.046,-,-,-,-,-,-,0.037,0.029,0.043,-0.017,0.044,0.061,0.038,-0.001,0.091,0.048,-,-,-,-,-,-,0.026,0.040,0.056,0.006,0.064,0.081,0.041,0.002,0.059,0.037,-,-,-,-,-,-,0.021,0.019,0.035,0.030,0.079,0.078,0.048,0.010,0.068,0.043,-,-,-,-,-,-,0.032,0.019,0.050,0.022,0.058,0.092,0.067,0.010,0.116,0.056,-,-,-,-,-,-,0.054,0.034,0.046,0.053,0.093,0.137,0.112,0.113,0.399,0.119,-,-,-,-,-,-,0.119,0.132,0.098,0.134,0.090,0.476,0.136,0.072,0.333,0.131,-,-,-,-,-,-,0.098,0.135,0.142,0.148,0.108,0.416,0.102,0.072,0.153,0.105,-,-,-,-,-,-,0.134,0.092,0.104,0.055,0.099,0.149
"대구광역시",중구,0.032,0.094,-,-,-,-,-,-,-,-,-,-,0.051,0.070,-,-,0.078,0.085,-,-,-,-,-,-,-,-,-,-,0.084,0.078,-,-,0.066,0.075,-,-,-,-,-,-,-,-,-,-,0.070,0.066,-,-,0.060,0.082,-,-,-,-,-,-,-,-,-,-,0.070,0.072,-,-,0.086,0.110,-,-,-,-,-,-,-,-,-,-,0.095,0.099,-,-,0.097,0.101,-,-,-,-,-,-,-,-,-,-,0.104,0.093,-,-,0.102,0.104,-,-,-,-,-,-,-,-,-,-,0.100,0.102,-,-,0.111,0.096,-,-,-,-,-,-,-,-,-,-,0.103,0.104,-,-,0.107,0.098,-,-,-,-,-,-,-,-,-,-,0.100,0.101,-,-
"대구광역시",동구,0.090,0.081,0.096,0.105,-,-,-,-,-,0.092,0.102,0.105,0.055,0.164,0.120,0.074,0.077,0.042,0.056,0.088,-,-,-,-,-,0.011,0.093,0.096,0.053,0.113,0.019,0.022,0.092,0.089,0.176,0.127,-,-,-,-,-,0.005,0.156,0.129,0.056,0.121,0.077,0.333,0.100,0.036,0.052,0.105,-,-,-,-,-,0.071,0.126,0.089,0.077,0.129,0.090,0.026,0.093,0.137,0.098,0.089,-,-,-,-,-,0.025,0.084,0.109,0.083,0.140,0.022,0.063,0.094,0.130,0.274,0.067,-,-,-,-,-,0.110,0.077,0.053,0.105,0.080,0.077,0.208,0.086,0.193,0.027,0.098,-,-,-,-,-,0.095,0.097,0.119,0.104,0.120,0.139,0.047,0.082,0.107,0.087,0.064,-,-,-,-,-,0.055,0.056,0.088,0.083,0.093,0.036,0.080,0.085,0.066,0.064,0.053,-,-,-,-,-,0.148,0.061,0.054,0.087,0.052,0.106,0.145
"대구광역시",서구,0.023,0.054,0.055,0.095,-,-,-,-,-,-,0.033,-,0.028,0.037,0.260,0.049,0.025,0.040,0.049,0.137,-,-,-,-,-,-,0.061,-,0.026,0.025,0.353,0.062,0.057,0.056,0.059,0.053,-,-,-,-,-,-,0.046,-,0.066,0.030,0.070,0.060,0.090,0.064,0.061,0.065,-,-,-,-,-,-,0.044,-,0.082,0.084,0.129,0.058,0.096,0.077,0.067,0.108,-,-,-,-,-,-,0.011,-,0.092,0.074,0.301,0.084,0.068,0.060,0.073,0.099,-,-,-,-,-,-,0.057,-,0.051,0.103,0.210,0.066,0.063,0.067,0.060,0.099,-,-,-,-,-,-,0.060,-,0.053,0.088,0.214,0.056,0.048,0.063,0.058,0.090,-,-,-,-,-,-,0.046,-,0.047,0.054,0.174,0.065,0.050,0.054,0.054,0.051,-,-,-,-,-,-,0.052,-,0.045,0.061,0.085,0.056
"대구광역시",남구,0.039,0.068,-,0.007,-,-,-,-,-,-,-,-,0.039,0.058,0.010,-,0.034,0.026,-,0.021,-,-,-,-,-,-,-,-,0.028,0.043,0.031,-,0.058,0.049,-,0.007,-,-,-,-,-,-,-,-,0.053,0.061,0.010,-,0.044,0.082,-,0.014,-,-,-,-,-,-,-,-,0.055,0.038,0.020,-,0.055,0.129,-,0.026,-,-,-,-,-,-,-,-,0.035,0.170,0.018,-,0.046,0.114,-,0.025,-,-,-,-,-,-,-,-,0.026,0.148,0.009,-,0.044,0.085,-,0.034,-,-,-,-,-,-,-,-,0.038,0.072,0.051,-,0.074,0.107,-,0.010,-,-,-,-,-,-,-,-,0.079,0.085,0.034,-,0.062,0.089,-,0.003,-,-,-,-,-,-,-,-,0.065,0.075,0.042,-
"대구광역시",북구,0.038,0.099,0.112,0.024,-,-,-,-,-,-,0.007,0.023,0.031,0.082,0.033,0.112,0.043,0.065,0.117,0.016,-,-,-,-,-,-,0.013,0.007,0.043,0.060,0.018,0.106,0.035,0.046,0.059,0.013,-,-,-,-,-,-,0.006,0.008,0.035,0.041,0.023,0.060,0.064,0.061,0.087,0.031,-,-,-,-,-,-,0.046,0.038,0.056,0.082,0.016,0.075,0.105,0.144,0.104,0.065,-,-,-,-,-,-,0.071,0.049,0.100,0.127,0.056,0.093,0.070,0.089,0.125,0.053,-,-,-,-,-,-,0.026,0.073,0.064,0.085,0.045,0.129,0.111,0.130,0.119,0.059,-,-,-,-,-,-,0.035,0.030,0.101,0.130,0.077,0.108,0.086,0.093,0.081,0.031,-,-,-,-,-,-,0.027,0.019,0.077,0.104,0.024,0.089,0.082,0.139,0.094,0.033,-,-,-,-,-,-,0.022,0.019,0.087,0.102,0.022,0.079
"대구광역시",수성구,0.063,0.116,-,0.056,-,-,-,-,-,-,0.052,0.194,0.050,0.098,0.033,-,0.050,0.146,-,0.057,-,-,-,-,-,-,0.041,0.083,0.057,0.091,0.012,-,0.054,0.153,-,0.052,-,-,-,-,-,-,0.061,0.023,0.059,0.084,0.051,-,0.089,0.173,-,0.096,-,-,-,-,-,-,0.082,0.250,0.076,0.165,0.024,-,0.087,0.226,-,0.105,-,-,-,-,-,-,0.099,0.045,0.060,0.188,0.096,-,0.109,0.245,-,0.106,-,-,-,-,-,-,0.059,0.053,0.121,0.146,0.115,-,0.110,0.351,-,0.115,-,-,-,-,-,-,0.086,0.087,0.122,0.195,0.061,-,0.135,0.294,-,0.126,-,-,-,-,-,-,0.081,0.025,0.122,0.238,0.112,-,0.157,0.213,-,0.070,-,-,-,-,-,-,0.060,0.038,0.182,0.151,0.064,-
"대구광역시",달서구,0.044,0.138,0.115,0.007,-,-,-,-,-,-,0.007,0.034,0.028,0.088,0.002,0.104,0.047,0.095,0.102,0.051,-,-,-,-,-,-,0.038,0.059,0.027,0.073,0.024,0.116,0.053,0.098,0.105,0.026,-,-,-,-,-,-,0.046,0.044,0.046,0.074,0.028,0.106,0.080,0.092,0.136,0.057,-,-,-,-,-,-,0.048,0.109,0.069,0.100,0.044,0.131,0.067,0.076,0.162,0.035,-,-,-,-,-,-,0.047,0.018,0.058,0.076,0.035,0.169,0.073,0.105,0.153,0.053,-,-,-,-,-,-,0.027,0.009,0.062,0.102,0.070,0.125,0.086,0.093,0.023,0.014,-,-,-,-,-,-,0.008,0.035,0.075,0.085,0.008,0.021,0.088,0.042,0.018,0.030,-,-,-,-,-,-,0.021,0.017,0.081,0.071,0.050,0.014,0.092,0.031,0.025,0.043,-,-,-,-,-,-,0.036,0.001,0.066,0.085,0.077,0.019
"대구광역시",달성군,0.009,-0.017,0.087,0.080,-,-,-,-,-0.069,-0.041,0.114,0.061,-0.035,0.004,0.009,0.111,0.077,-0.059,0.025,0.049,-,-,-,-,-0.023,-0.026,0.078,0.072,-0.007,0.007,-0.029,0.081,0.047,0.089,0.160,0.042,-,-,-,-,-0.042,0.070,0.058,0.048,0.006,0.069,-0.024,0.158,0.046,0.028,0.129,0.051,-,-,-,-,-0.062,0.038,0.073,0.074,-0.041,0.130,-0.033,0.092,0.030,0.000,0.174,0.084,-,-,-,-,-0.059,0.035,0.075,0.124,0.008,0.022,-0.061,0.187,0.074,-0.015,0.115,0.043,-,-,-,-,0.016,0.007,0.093,0.045,0.074,0.038,-0.010,0.104,0.065,0.012,0.108,0.096,-,-,-,-,0.077,0.039,0.103,0.077,0.021,0.039,0.033,0.170,0.120,-0.073,0.190,0.056,-,-,-,-,-0.021,0.031,0.108,0.091,0.141,0.004,-0.016,0.150,0.089,-0.064,0.081,0.034,-,-,-,-,-0.021,0.025,0.042,0.031,0.089,0.044,0.003,0.097
"대구광역시",군위군,1.176,1.178,-,0.259,0.246,0.182,0.473,0.427,0.265,0.003,0.303,0.328,0.720,1.121,0.214,-,1.153,1.243,-,0.289,0.144,0.269,0.407,0.361,0.427,0.681,0.301,0.297,0.549,1.157,0.476,-,1.184,0.818,-,0.326,0.182,0.215,0.418,0.373,0.308,0.426,0.313,0.363,0.547,0.641,0.217,-,1.371,1.211,-,0.104,0.146,0.175,0.434,0.380,0.326,0.009,0.252,0.310,0.781,1.112,0.178,-,1.376,1.180,-,0.264,0.193,0.154,0.506,0.444,0.344,0.011,0.326,0.411,0.631,1.052,0.199,-,1.303,1.186,-,0.166,0.142,0.144,0.502,0.433,0.315,0.019,0.304,0.401,0.692,1.065,0.099,-,1.246,1.123,-,0.054,0.159,0.172,0.466,0.407,0.277,0.162,0.304,0.349,0.677,0.958,0.133,-,1.045,0.992,-,0.075,0.090,0.113,0.407,0.347,0.289,0.260,0.272,0.242,0.582,0.926,0.181,-,0.231,0.808,-,0.042,0.027,0.036,0.551,0.451,0.240,0.001,0.452,0.370,-0.095,1.223,0.010,-
"인천광역시",중구,0.132,0.135,0.080,0.124,-,-,-,-,-,-,0.123,0.103,0.115,0.110,0.148,0.088,0.153,0.156,0.097,0.123,-,-,-,-,-,-,0.118,0.043,0.157,0.135,0.147,0.096,0.132,0.135,0.109,0.119,-,-,-,-,-,-,0.102,0.016,0.110,0.139,0.168,0.113,0.179,0.121,0.082,0.147,-,-,-,-,-,-,0.136,0.121,0.126,0.120,0.195,0.093,0.142,0.175,0.147,0.138,-,-,-,-,-,-,0.132,0.145,0.123,0.144,0.216,0.131,0.147,0.153,0.261,0.155,-,-,-,-,-,-,0.141,0.221,0.112,0.128,0.169,0.305,0.163,0.161,0.296,0.117,-,-,-,-,-,-,0.152,0.065,0.161,0.113,0.093,0.372,0.185,0.195,0.204,0.145,-,-,-,-,-,-,0.188,0.118,0.206,0.126,0.148,0.263,0.210,0.139,0.217,0.191,-,-,-,-,-,-,0.232,0.079,0.181,0.120,0.356,0.267
"인천광역시",동구,0.107,0.073,0.087,-,-,-,-,-,-,-,-,-,0.111,0.062,-,0.092,0.075,0.069,0.117,-,-,-,-,-,-,-,-,-,0.084,0.041,-,0.148,0.066,0.057,0.132,-,-,-,-,-,-,-,-,-,0.064,0.064,-,0.137,0.080,0.071,0.119,-,-,-,-,-,-,-,-,-,0.089,0.058,-,0.143,0.067,0.064,0.124,-,-,-,-,-,-,-,-,-,0.079,0.034,-,0.145,0.068,0.043,0.163,-,-,-,-,-,-,-,-,-,0.072,0.053,-,0.160,0.059,0.034,0.139,-,-,-,-,-,-,-,-,-,0.055,0.040,-,0.148,0.050,0.037,0.136,-,-,-,-,-,-,-,-,-,0.052,0.029,-,0.163,0.028,0.033,0.091,-,-,-,-,-,-,-,-,-,0.037,0.018,-,0.090
"인천광역시",미추홀구,0.095,0.099,0.055,0.019,-,-,-,-,-,-,0.044,-,0.086,0.101,0.025,0.066,0.110,0.086,0.073,0.015,-,-,-,-,-,-,0.018,-,0.100,0.109,0.019,0.092,0.120,0.094,0.079,0.069,-,-,-,-,-,-,0.040,-,0.119,0.112,0.039,0.089,0.128,0.121,0.118,0.016,-,-,-,-,-,-,0.010,-,0.126,0.134,0.028,0.094,0.121,0.120,0.066,0.027,-,-,-,-,-,-,0.052,-,0.132,0.097,0.075,0.094,0.128,0.124,0.071,0.021,-,-,-,-,-,-,0.032,-,0.133,0.123,0.062,0.067,0.130,0.137,0.113,0.047,-,-,-,-,-,-,0.065,-,0.119,0.148,0.075,0.122,0.123,0.172,0.091,0.095,-,-,-,-,-,-,0.112,-,0.066,0.235,0.104,0.075,0.127,0.114,0.093,0.079,-,-,-,-,-,-,0.141,-,0.132,0.093,0.111,0.092
"인천광역시",연수구,0.172,0.134,1.144,0.101,-,-,-,-,-,-,0.134,-,0.088,0.119,0.132,1.087,0.272,0.191,0.151,0.185,-,-,-,-,-,-,0.193,-,0.267,0.227,0.251,0.108,0.299,0.247,0.271,0.178,-,-,-,-,-,-,0.219,-,0.276,0.268,0.194,0.194,0.293,0.231,0.262,0.128,-,-,-,-,-,-,0.202,-,0.144,0.289,0.197,0.299,0.321,0.189,0.227,0.124,-,-,-,-,-,-,0.216,-,0.236,0.251,0.144,0.308,0.281,0.247,0.419,0.167,-,-,-,-,-,-,0.148,-,0.181,0.278,0.096,0.471,0.239,0.379,0.522,0.295,-,-,-,-,-,-,0.190,-,0.402,0.195,0.293,0.540,0.147,0.392,0.606,0.279,-,-,-,-,-,-,0.162,-,0.212,0.287,0.269,0.433,-0.021,0.382,0.807,0.313,-,-,-,-,-,-,0.103,-,0.136,0.157,0.351,0.577
"인천광역시",남동구,0.112,0.098,0.145,0.038,-,-,-,-,-,-,0.043,-,0.123,0.100,0.036,0.146,0.092,0.081,0.135,0.056,-,-,-,-,-,-,0.071,-,0.098,0.079,0.041,0.142,0.140,0.130,0.151,0.168,-,-,-,-,-,-,0.191,-,0.145,0.139,0.073,0.164,0.141,0.111,0.147,0.121,-,-,-,-,-,-,0.129,-,0.137,0.131,0.068,0.154,0.141,0.115,0.201,0.107,-,-,-,-,-,-,0.122,-,0.137,0.137,0.092,0.215,0.121,0.120,0.202,0.090,-,-,-,-,-,-,0.105,-,0.120,0.118,0.064,0.220,0.132,0.136,0.214,0.104,-,-,-,-,-,-,0.102,-,0.129,0.124,0.070,0.224,0.123,0.097,0.215,0.093,-,-,-,-,-,-,0.088,-,0.129,0.125,0.071,0.229,0.115,0.088,0.283,0.046,-,-,-,-,-,-,0.038,-,0.131,0.107,0.083,0.292
"인천광역시",부평구,0.144,0.118,0.013,0.028,-,-,-,-,-,-,0.118,0.077,0.153,0.074,0.029,0.014,0.174,0.175,0.005,0.036,-,-,-,-,-,-,0.018,0.004,0.126,0.190,0.098,0.012,0.145,0.098,0.091,0.009,-,-,-,-,-,-,0.076,0.026,0.136,0.100,0.002,0.003,0.166,0.111,0.074,0.044,-,-,-,-,-,-,0.050,0.053,0.144,0.125,0.024,0.126,0.127,0.102,0.026,0.068,-,-,-,-,-,-,0.081,0.083,0.121,0.132,0.053,0.010,0.099,0.132,0.102,0.029,-,-,-,-,-,-,0.064,0.035,0.114,0.087,0.032,0.036,0.225,0.205,0.109,0.116,-,-,-,-,-,-,0.014,0.440,0.139,0.259,0.005,0.188,0.221,0.128,0.155,0.016,-,-,-,-,-,-,0.127,0.009,0.204,0.216,0.036,0.059,0.141,0.171,0.133,0.024,-,-,-,-,-,-,0.071,0.074,0.111,0.149,0.027,0.210
"인천광역시",계양구,0.076,0.049,0.006,0.103,-,-,-,-,-,-,0.121,0.184,0.014,0.140,0.017,0.005,0.072,0.018,0.039,0.129,-,-,-,-,-,-,0.127,0.093,0.014,0.106,0.001,0.192,0.063,0.008,0.025,0.271,-,-,-,-,-,-,0.237,0.253,0.044,0.085,0.011,0.244,0.125,0.116,0.030,0.094,-,-,-,-,-,-,0.131,0.134,0.170,0.040,0.071,0.025,0.097,0.039,0.262,0.052,-,-,-,-,-,-,0.068,0.117,0.080,0.144,0.015,0.124,0.123,0.062,0.044,0.132,-,-,-,-,-,-,0.180,0.271,0.111,0.097,0.073,0.033,0.133,0.062,0.071,0.083,-,-,-,-,-,-,0.089,0.282,0.093,0.142,0.052,0.064,0.133,0.069,0.068,0.085,-,-,-,-,-,-,0.240,0.442,0.088,0.072,0.045,0.010,0.085,0.036,0.046,0.145,-,-,-,-,-,-,0.219,0.048,0.070,0.089,0.019,0.108
"인천광역시",서구,0.181,0.095,0.187,0.173,0.269,0.212,0.240,0.248,0.096,-,0.165,0.107,0.274,0.079,0.214,0.214,0.123,0.132,0.230,0.110,0.034,0.061,0.041,0.039,0.009,-,0.083,0.040,0.146,0.082,0.194,0.227,0.140,0.130,0.245,0.113,0.179,0.190,0.171,0.174,0.172,-,0.139,0.108,0.176,0.106,0.134,0.224,0.123,0.197,0.353,0.190,0.051,0.030,0.134,0.105,0.130,-,0.269,0.147,0.168,0.079,0.157,0.301,0.133,0.337,0.188,0.091,0.188,0.142,0.126,0.146,0.005,-,0.226,0.102,0.241,0.115,0.023,0.174,0.147,0.022,0.595,0.190,0.186,0.217,0.135,0.153,0.178,-,0.184,0.212,0.162,0.063,0.154,0.513,0.146,0.004,0.576,0.280,0.131,0.189,0.206,0.182,0.259,-,0.198,0.310,0.217,0.011,0.224,0.483,0.210,0.069,0.548,0.155,0.133,0.109,0.101,0.111,0.304,-,0.223,0.493,0.369,-0.003,0.162,0.477,0.163,-0.012,0.161,0.127,0.304,0.306,0.202,0.237,0.503,-,0.183,0.355,0.210,0.032,0.180,0.183
"인천광역시",강화군,0.035,0.022,0.025,0.056,0.035,0.041,0.065,0.059,0.055,-,0.075,0.064,0.050,0.043,0.030,0.047,0.042,0.029,0.078,0.053,0.060,0.046,0.067,0.065,0.056,-,0.077,0.066,0.060,0.024,0.038,0.031,0.059,0.074,0.093,0.062,0.054,0.031,0.071,0.067,0.064,-,0.076,0.057,0.067,0.044,0.046,0.013,0.108,0.058,0.040,0.088,0.068,0.073,0.089,0.085,0.060,-,0.119,0.075,0.069,0.045,0.060,0.016,0.093,0.058,0.005,0.068,0.036,0.063,0.069,0.064,0.049,-,0.080,0.063,0.056,0.024,0.043,-0.016,0.071,0.063,0.027,0.090,0.044,0.065,0.073,0.068,0.060,-,0.068,0.062,0.056,0.066,0.062,0.025,0.067,0.058,0.056,0.095,0.047,0.064,0.058,0.057,0.062,-,0.067,0.068,0.055,0.068,0.046,0.047,0.091,0.056,0.064,0.090,0.050,0.050,0.060,0.058,0.056,-,0.076,0.065,0.050,0.061,0.044,0.094,0.104,0.061,0.008,0.078,0.040,0.045,0.056,0.053,0.046,-,0.062,0.058,0.049,0.021,0.029,-0.047
"인천광역시",옹진군,-,-,-,-,0.032,0.033,0.046,0.044,0.010,-,0.057,0.029,0.041,0.051,0.039,-,-,-,-,-,0.033,0.017,0.040,0.039,0.049,-,0.032,0.077,0.063,-0.002,0.025,-,-,-,-,-,0.034,0.041,0.060,0.056,0.028,-,0.070,0.037,0.094,0.001,0.038,-,-,-,-,-,0.033,0.040,0.051,0.048,0.023,-,0.044,0.035,0.063,0.034,0.038,-,-,-,-,-,0.061,0.027,0.073,0.070,0.041,-,0.077,0.074,0.071,0.086,0.052,-,-,-,-,-,0.035,0.044,0.056,0.053,0.050,-,0.043,0.080,0.056,0.013,0.041,-,-,-,-,-,0.024,0.035,0.067,0.061,0.033,-,0.060,0.031,0.048,0.073,0.060,-,-,-,-,-,0.024,0.060,0.059,0.055,0.023,-,0.072,0.043,0.043,0.015,0.046,-,-,-,-,-,0.035,0.042,0.057,0.054,0.047,-,0.028,0.053,0.034,0.111,0.060,-
"광주광역시",동구,0.100,0.012,-,0.059,-,-,-,-,-,-,0.085,0.020,0.097,0.038,0.036,-,0.131,0.021,-,0.082,-,-,-,-,-,-,0.005,0.029,0.114,0.068,0.160,-,0.125,0.031,-,0.092,-,-,-,-,-,-,0.083,0.021,0.116,0.065,0.093,-,0.139,0.016,-,0.080,-,-,-,-,-,-,0.058,0.076,0.144,0.048,0.054,-,0.142,0.014,-,0.094,-,-,-,-,-,-,0.046,0.156,0.122,0.065,0.113,-,0.130,0.015,-,0.116,-,-,-,-,-,-,0.102,0.042,0.117,0.066,0.137,-,0.123,0.114,-,0.060,-,-,-,-,-,-,0.020,0.008,0.174,0.075,0.014,-,0.159,0.054,-,0.108,-,-,-,-,-,-,0.165,0.509,0.171,0.068,0.013,-,0.119,0.052,-,0.068,-,-,-,-,-,-,0.101,0.004,0.110,0.082,0.110,-
"광주광역시",서구,0.249,0.243,0.181,0.198,-,-,-,-,-,-,0.166,0.202,0.298,0.174,0.168,0.267,0.191,0.160,0.241,0.189,-,-,-,-,-,-,0.206,0.201,0.218,0.153,0.125,0.262,0.173,0.116,0.151,0.156,-,-,-,-,-,-,0.154,0.193,0.185,0.135,0.148,0.158,0.190,0.254,0.175,0.208,-,-,-,-,-,-,0.195,0.193,0.237,0.149,0.252,0.283,0.176,0.189,0.124,0.168,-,-,-,-,-,-,0.175,0.176,0.163,0.179,0.168,0.162,0.115,0.147,0.062,0.173,-,-,-,-,-,-,0.203,0.194,0.115,0.128,0.195,0.146,0.160,0.268,0.033,0.122,-,-,-,-,-,-,0.092,0.132,0.008,0.320,0.051,0.276,0.123,0.137,0.143,0.074,-,-,-,-,-,-,0.045,0.041,0.143,0.113,0.063,0.170,0.095,0.250,0.036,0.106,-,-,-,-,-,-,0.126,0.078,0.061,0.157,0.126,0.229
"광주광역시",남구,0.169,0.212,0.010,0.076,-,-,-,-,-,-,0.085,0.065,0.162,0.188,0.064,0.015,0.164,0.179,0.079,0.074,-,-,-,-,-,-,0.076,0.055,0.149,0.170,0.088,0.063,0.089,0.080,0.096,0.064,-,-,-,-,-,-,0.047,0.058,0.095,0.087,0.067,0.096,0.154,0.228,0.184,0.111,-,-,-,-,-,-,0.118,0.121,0.153,0.172,0.099,0.153,0.113,0.128,0.092,0.078,-,-,-,-,-,-,0.090,0.088,0.099,0.114,0.080,0.118,0.077,0.077,0.082,0.060,-,-,-,-,-,-,0.066,0.058,0.070,0.074,0.062,0.082,0.087,0.076,0.036,0.064,-,-,-,-,-,-,0.065,0.043,0.085,0.082,0.072,0.036,0.077,0.061,0.027,0.028,-,-,-,-,-,-,0.030,0.019,0.066,0.079,0.058,0.038,0.086,0.085,0.033,0.045,-,-,-,-,-,-,0.034,0.044,0.082,0.094,0.057,0.033
"광주광역시",북구,0.079,0.089,0.122,0.115,-,-,-,-,-,-,0.144,0.061,0.090,0.081,0.106,0.087,0.082,0.101,0.067,0.084,-,-,-,-,-,-,0.105,0.064,0.092,0.075,0.052,0.077,0.094,0.076,0.077,0.137,-,-,-,-,-,-,0.156,0.141,0.118,0.057,0.135,0.115,0.109,0.152,0.111,0.105,-,-,-,-,-,-,0.094,0.106,0.109,0.094,0.103,0.129,0.088,0.078,0.030,0.053,-,-,-,-,-,-,0.051,0.038,0.088,0.083,0.012,0.034,0.028,0.045,1.096,0.050,-,-,-,-,-,-,0.039,0.073,0.029,0.033,-0.010,1.031,0.109,0.121,0.144,0.077,-,-,-,-,-,-,0.055,0.044,0.126,0.104,0.022,0.184,0.092,0.074,0.241,0.071,-,-,-,-,-,-,0.050,0.085,0.098,0.079,0.093,0.187,0.120,0.097,0.056,0.088,-,-,-,-,-,-,0.053,0.138,0.123,0.096,0.070,0.069
"광주광역시",광산구,0.243,0.275,0.123,0.094,0.073,0.019,0.100,0.069,0.112,-,0.025,0.062,0.273,0.199,0.111,0.157,0.155,0.201,0.058,0.163,0.092,0.074,0.112,0.096,0.007,-,0.173,0.172,0.163,0.141,0.075,0.104,0.200,0.325,0.065,0.169,0.085,0.085,0.193,0.142,0.009,-,0.159,0.227,0.126,0.279,0.005,0.048,0.139,0.666,0.161,0.094,0.021,0.025,0.033,0.029,0.234,-,0.146,0.033,0.139,0.300,0.019,0.116,0.225,0.409,0.053,0.103,0.007,0.015,0.005,0.009,0.055,-,0.109,0.135,0.195,0.213,0.001,0.062,0.155,0.335,0.059,0.075,0.002,0.008,0.005,0.006,0.003,-,0.053,0.028,0.167,0.192,0.011,0.042,0.123,0.014,0.428,0.203,0.118,0.076,0.062,0.074,0.114,-,0.225,0.152,0.117,0.070,0.285,0.524,0.138,0.306,0.121,0.406,0.274,0.149,0.124,0.152,0.059,-,0.307,0.136,0.102,0.324,0.570,0.214,0.187,0.089,0.075,0.113,0.136,0.040,0.060,0.063,0.259,-,0.134,0.038,0.206,0.139,0.157,0.116
