"시도별","품목별",2024.05,2024.06,2024.07,2024.08,2024.09,2024.10
"전국","총지수",114.10,113.84,114.13,114.54,114.65,114.69
"전국","농축수산물",121.90,119.50,120.59,123.15,126.65,125.27
"전국","(농산물)곡물",102.27,102.39,102.40,101.69,101.68,102.34
"전국","쌀",100.38,100.55,100.35,98.78,98.35,99.18
"전국","현미",103.55,103.42,103.55,104.15,104.13,104.00
"전국","찹쌀",101.77,100.91,99.96,99.67,101.39,101.34
"전국","보리쌀",122.24,123.49,130.62,137.60,142.69,143.84
"전국","콩",103.93,104.08,104.55,105.69,105.67,105.71
"전국","땅콩",117.05,118.14,117.94,118.23,118.22,118.68
"전국","혼식곡",109.23,109.85,109.25,109.92,109.92,110.99
"전국","(농산물)채소",113.46,99.93,106.18,123.52,146.50,148.24
"전국","배추",108.01,83.24,105.95,145.75,210.00,208.57
"전국","상추",89.79,83.81,131.79,186.39,201.37,218.29
"전국","시금치",81.33,88.09,142.79,231.98,330.80,185.64
"전국","양배추",148.45,106.69,87.47,92.85,98.90,107.99
"전국","미나리",100.39,92.25,103.36,138.48,196.22,160.78
"전국","깻잎",106.98,97.87,99.38,134.46,163.27,163.17
"전국","부추",95.68,77.07,85.94,119.42,138.12,117.96
"전국","무",103.89,102.37,118.14,143.90,177.86,169.61
"전국","열무",112.78,77.72,119.18,170.18,200.94,159.83
"전국","당근",134.52,135.06,141.42,149.02,185.92,169.22
"전국","감자",157.39,118.53,96.86,96.13,93.75,97.75
"전국","고구마",102.71,106.02,102.56,101.27,99.28,94.33
"전국","도라지",124.03,124.87,124.34,124.55,125.99,125.76
"전국","콩나물",110.78,110.05,110.07,110.26,109.97,110.16
"전국","버섯",107.45,99.75,100.75,103.05,116.81,114.65
"전국","오이",101.76,81.79,119.12,146.29,162.24,168.12
"전국","풋고추",119.98,100.58,118.12,132.89,152.91,146.40
"전국","호박",91.58,71.41,84.96,126.22,149.44,147.52
"전국","가지",117.88,93.68,93.73,104.50,96.96,115.42
"전국","토마토",122.20,95.78,87.01,102.27,138.56,197.25
"전국","파",113.10,98.35,102.62,110.29,125.17,124.17
"전국","양파",113.14,101.46,93.83,94.28,96.97,98.44
"전국","마늘",123.46,125.06,122.91,124.93,124.83,126.63
"전국","브로콜리",128.41,90.47,100.53,126.85,166.26,189.90
"전국","고사리",123.45,123.51,123.10,123.49,124.62,125.76
"전국","파프리카",103.99,89.14,76.93,98.16,160.98,156.71
"전국","생강",120.48,119.15,119.78,118.38,117.41,101.38
"전국","(농산물)과실",163.75,158.97,155.76,154.61,143.95,131.98
"전국","사과",189.73,193.84,194.34,182.81,157.93,132.95
"전국","배",212.71,238.18,269.55,243.22,151.89,130.93
"전국","복숭아",198.24,191.04,144.33,123.44,154.97,141.23
"전국","포도",149.56,156.58,166.21,161.18,144.35,136.14
"전국","밤",115.37,117.84,118.30,119.15,117.08,113.14
"전국","감",167.51,166.96,167.56,168.06,167.96,146.22
"전국","귤",238.71,230.46,227.96,226.05,211.07,203.35
"전국","오렌지",121.41,129.11,127.70,126.67,118.24,107.71
"전국","참외",151.59,113.57,86.14,106.06,101.16,92.50
"전국","수박",177.22,135.68,128.29,168.44,157.54,143.52
"전국","딸기",105.99,102.32,101.48,100.72,94.02,85.62
"전국","바나나",110.18,108.02,103.72,107.48,126.43,119.39
"전국","키위",136.04,127.14,130.17,129.49,125.04,124.06
"전국","블루베리",136.42,136.36,134.62,128.97,131.25,133.76
"전국","망고",85.93,87.72,97.68,112.12,128.38,124.50
"전국","체리",118.27,100.94,95.52,100.14,93.81,85.47
"전국","아보카도",106.40,102.82,98.59,92.79,102.58,108.95
"전국","파인애플",123.09,127.81,124.92,122.19,138.69,144.96
"전국","아몬드",96.02,95.89,96.95,97.01,97.65,96.10
"전국","(농산물)기타농산물",118.64,116.62,115.75,116.30,119.22,120.14
"전국","고춧가루",113.55,115.47,115.58,116.08,115.58,115.14
"전국","참깨",123.56,123.46,123.44,125.34,131.26,132.61
"전국","인삼",95.07,96.42,97.78,98.14,97.57,96.56
"전국","화초",141.06,124.58,119.01,118.46,129.70,134.97
"전국","축산물",114.44,117.94,119.76,117.99,120.57,121.35
"전국","국산쇠고기",99.40,100.20,99.52,99.33,102.74,105.02
"전국","수입쇠고기",128.22,129.81,132.33,130.62,132.42,131.46
"전국","돼지고기",115.96,124.49,128.92,124.90,128.26,128.19
"전국","닭고기",129.70,127.79,129.78,129.73,130.02,129.26
"전국","달걀",134.31,134.38,134.75,134.49,133.65,135.23
"전국","꿀",111.34,110.91,110.90,111.18,111.01,111.08
"전국","수산물",111.48,111.62,111.07,111.31,111.56,112.45
"전국","갈치",105.40,107.29,105.63,105.79,104.38,103.12
"전국","명태",106.60,107.61,107.19,108.22,108.60,108.22
"전국","조기",108.04,107.53,107.05,108.23,106.33,108.56
"전국","고등어",116.25,113.46,112.95,114.12,114.89,115.84
"전국","오징어",125.74,123.89,122.94,120.48,121.70,122.29
"전국","게",92.17,92.73,91.34,90.51,90.40,91.41
"전국","굴",104.30,104.41,103.90,104.14,104.40,113.85
"전국","조개",116.78,116.22,113.73,113.73,116.65,118.92
"전국","전복",96.24,95.13,93.20,92.88,94.73,94.21
"전국","새우",109.99,111.69,111.87,112.27,112.49,112.82
"전국","마른멸치",110.65,110.62,111.32,111.82,111.27,111.75
"전국","마른오징어",115.29,116.00,118.82,119.55,120.21,122.12
"전국","낙지",112.04,112.05,112.32,113.11,112.76,112.70
"전국","김",127.38,137.59,140.26,141.54,142.87,143.94
"전국","미역",120.86,121.07,121.08,121.12,121.35,121.66
"전국","공업제품",114.14,113.82,114.37,114.29,113.66,113.73
"전국","가공식품",119.22,119.03,119.65,119.78,119.59,120.56
"전국","밀가루",136.65,136.61,135.55,136.00,132.49,135.41
"전국","국수",149.03,147.31,150.93,150.80,150.40,153.69
"전국","라면",117.36,117.45,116.39,116.03,117.97,118.26
"전국","당면",136.42,137.20,137.34,137.93,124.02,135.39
"전국","두부",118.09,118.67,117.97,118.60,117.73,117.84
"전국","시리얼",122.20,125.73,119.71,116.63,110.90,126.17
"전국","부침가루",144.90,143.61,141.31,143.10,128.51,142.56
"전국","케이크",124.51,124.50,124.54,124.57,124.57,126.20
"전국","빵",130.19,130.19,130.21,130.10,130.13,130.13
"전국","떡",120.44,121.08,121.43,121.45,121.63,121.74
"전국","파스타면",134.42,134.99,133.41,132.60,132.61,132.99
"전국","소시지",112.23,113.22,112.90,115.85,113.44,115.26
"전국","햄및베이컨",115.91,115.82,114.69,111.66,114.41,116.74
"전국","기타육류가공품",134.17,130.12,132.75,131.59,131.39,133.33
"전국","오징어채",104.38,105.74,107.86,107.81,110.44,115.86
"전국","북어채",116.80,116.68,118.19,119.26,117.67,117.13
"전국","어묵",126.19,125.31,124.22,125.97,124.37,123.46
"전국","맛살",135.47,135.04,135.10,134.98,128.02,134.86
"전국","수산물통조림",119.71,120.51,120.82,120.26,121.18,121.45
"전국","젓갈",106.54,106.30,105.73,106.50,106.40,106.50
"전국","우유",123.55,123.49,123.87,124.01,123.58,123.70
"전국","분유",106.09,106.09,104.53,107.42,109.08,109.67
"전국","치즈",138.59,138.56,138.27,137.50,137.58,140.43
"전국","발효유",122.99,123.11,124.61,124.19,122.89,123.86
"전국","참기름",139.47,141.87,142.34,144.58,149.17,150.68
"전국","식용유",182.35,182.93,170.74,173.10,171.78,183.27
"전국","과일가공품",135.62,136.42,136.77,134.67,138.11,133.68
"전국","단무지",112.22,111.26,111.22,111.89,106.27,110.64
"전국","맛김",115.78,118.01,124.56,126.20,127.38,130.39
"전국","초콜릿",126.50,133.62,139.26,139.49,139.83,140.20
"전국","사탕",115.00,115.34,114.82,115.60,114.10,116.60
"전국","껌",114.97,115.11,115.87,116.04,115.34,115.65
"전국","아이스크림",122.67,122.38,122.99,123.21,122.65,122.41
"전국","비스킷",122.87,124.52,124.93,124.79,124.62,124.56
"전국","스낵과자",114.64,113.84,114.10,114.13,114.25,114.49
"전국","파이",113.08,113.54,113.46,113.75,113.60,113.71
"전국","설탕",147.29,145.53,144.56,146.72,146.70,145.75
"전국","잼",155.32,153.23,152.14,152.82,154.29,152.41
"전국","물엿",138.84,138.49,138.98,140.74,130.57,139.05
"전국","소금",174.95,174.75,174.73,176.55,176.84,175.98
"전국","간장",120.60,122.37,128.56,127.51,127.88,128.22
"전국","된장",125.17,123.46,122.55,123.97,120.94,127.46
"전국","양념소스",113.48,112.40,115.35,119.12,116.68,123.70
"전국","고추장",116.01,115.61,119.72,117.12,117.23,121.68
"전국","카레",129.05,126.15,130.60,129.41,131.21,131.12
"전국","식초",130.61,131.63,135.21,135.92,136.87,134.45
"전국","드레싱",150.45,152.31,152.35,150.58,151.75,151.22
"전국","혼합조미료",126.27,128.71,125.81,129.27,127.41,126.58
"전국","스프",130.60,130.62,130.60,130.65,130.79,130.76
"전국","이유식",100.00,100.00,100.00,111.12,111.12,111.12
"전국","김치",119.00,119.79,118.68,115.68,122.49,127.09
"전국","밑반찬",111.97,111.99,112.37,112.61,112.96,113.19
"전국","냉동식품",112.79,113.14,111.90,114.97,114.53,115.08
"전국","즉석식품",118.05,119.55,119.50,120.85,120.50,121.04
"전국","편의점도시락",113.29,113.29,113.29,113.29,113.29,113.29
"전국","삼각김밥",109.87,110.00,110.30,110.38,110.38,110.56
"전국","커피",124.27,124.24,123.29,124.98,123.60,124.90
"전국","차",125.12,106.24,123.65,122.62,125.18,124.82
"전국","주스",120.22,121.21,127.42,128.03,127.95,129.12
"전국","두유",122.25,122.23,126.10,125.07,125.05,124.65
"전국","생수",113.69,112.68,113.11,110.80,113.30,113.21
"전국","기능성음료",114.20,113.76,113.62,112.27,113.84,114.48
"전국","탄산음료",111.61,111.29,115.27,114.00,108.81,114.39
"전국","기타음료",112.80,120.29,118.38,120.10,122.51,122.31
"전국","소주",108.28,108.38,108.38,108.39,108.35,108.39
"전국","과실주",105.12,105.07,104.35,104.37,102.86,104.54
"전국","맥주",111.67,112.13,112.31,112.25,112.46,112.63
"전국","막걸리",122.70,122.70,122.77,122.90,122.90,122.90
"전국","양주",113.99,113.28,120.45,116.01,113.16,116.62
"전국","약주",105.01,104.95,104.84,104.90,104.65,104.74
"전국","홍삼",106.57,106.57,106.57,106.57,106.57,106.57
"전국","건강기능식품",104.02,104.02,104.02,104.02,104.02,104.02
"전국","유산균",101.52,89.40,100.15,98.89,96.47,95.27
"전국","내구재",107.91,107.83,107.54,107.07,107.24,107.13
"전국","장롱",120.96,120.96,120.96,120.96,120.96,120.96
"전국","침대",123.21,123.21,123.21,123.28,125.30,125.30
"전국","거실장",122.26,122.26,122.26,122.26,122.26,122.26
"전국","소파",125.92,125.92,125.92,125.92,127.32,120.46
"전국","책상",130.81,130.81,130.81,130.81,130.81,111.70
"전국","의자",114.08,112.57,114.09,112.58,114.10,114.10
"전국","식탁",121.90,121.90,121.90,122.49,122.49,122.49
"전국","싱크대",137.68,138.27,139.59,139.59,149.56,147.69
"전국","전기밥솥",109.88,104.94,104.21,101.76,104.01,103.56
"전국","가스레인지",108.86,108.40,108.18,107.48,96.00,97.85
"전국","전자레인지",97.35,97.35,97.89,97.24,96.83,97.12
"전국","전기레인지",106.42,105.50,105.32,107.33,106.07,106.34
"전국","냉장고",97.48,98.02,96.33,95.96,96.41,98.60
"전국","김치냉장고",106.88,106.88,106.88,106.88,107.73,108.43
"전국","에어컨",108.84,105.64,108.76,105.50,106.27,106.27
"전국","선풍기",92.87,92.35,92.94,93.12,93.31,93.31
"전국","공기청정기",96.97,95.61,96.15,95.50,94.40,94.79
"전국","세탁기",98.20,98.81,100.57,96.20,95.27,95.04
"전국","의류건조기",98.90,99.16,99.20,101.97,101.30,101.45
"전국","식기세척기",102.39,101.47,101.60,100.75,101.11,100.32
"전국","청소기",97.43,97.00,97.38,100.64,100.04,99.75
"전국","소형주방가전",107.18,105.75,105.83,105.28,106.43,113.45
"전국","보온매트",104.28,104.28,104.28,104.28,104.28,104.28
"전국","보일러",120.47,120.48,120.49,120.51,120.50,120.66
"전국","소형승용차",104.13,104.13,105.00,105.00,105.00,105.00
"전국","중형승용차",104.97,104.82,104.60,104.60,104.60,104.60
"전국","대형승용차",109.20,109.50,109.50,111.93,111.93,111.93
"전국","경승용차",103.32,104.08,104.08,104.08,104.08,104.08
"전국","다목적승용차",109.90,109.90,109.75,109.75,110.77,110.77
"전국","수입승용차",111.52,111.08,109.36,108.08,108.13,105.88
"전국","전기동력차",104.17,104.40,104.10,104.48,104.51,104.20
"전국","자전거",132.43,132.50,132.52,132.31,132.34,132.34
"전국","자동차용품",115.26,108.81,107.61,111.32,107.61,106.27
"전국","블랙박스",101.62,101.50,101.41,102.96,102.86,102.78
"전국","휴대전화기",99.63,99.63,99.63,99.63,99.63,99.63
"전국","TV",92.32,92.84,90.94,89.65,89.64,88.43
"전국","영상음향기기",102.66,102.60,102.54,97.30,97.38,96.66
"전국","컴퓨터",92.28,91.89,92.87,91.34,90.64,89.10
"전국","휴대용멀티미디어기기",117.18,117.18,117.18,117.18,117.18,117.18
"전국","악기",104.56,104.75,104.63,104.66,104.56,104.36
"전국","헬스기구",108.43,109.11,108.07,108.20,108.19,107.66
"전국","면도기",113.09,117.96,117.51,124.53,116.81,124.25
"전국","헤어드라이어",138.06,147.35,138.76,102.34,97.31,140.00
"전국","손목시계",122.94,122.94,122.94,122.94,122.94,122.94
"전국","장신구",109.30,111.15,111.15,112.44,112.44,112.44
"전국","섬유제품",114.37,114.37,114.37,114.37,114.37,114.74
"전국","남자외의",117.24,117.24,117.24,117.24,117.24,117.24
"전국","남자상의",110.74,110.74,110.74,110.74,110.74,110.74
"전국","남자하의",121.44,121.44,121.44,121.44,121.44,121.44
"전국","남자내의",108.42,108.65,108.61,108.51,108.45,108.92
"전국","여자외의",108.35,108.35,108.35,108.35,108.35,110.61
"전국","원피스",125.10,125.10,125.10,125.10,125.10,125.10
"전국","여자상의",113.55,113.55,113.55,113.55,113.55,114.38
"전국","여자하의",114.06,114.06,114.06,114.06,114.06,114.06
"전국","여자내의",107.71,107.71,107.40,107.38,107.34,107.52
"전국","점퍼",111.28,111.28,111.28,111.28,111.28,111.28
"전국","티셔츠",123.77,123.77,123.77,123.77,123.77,123.77
"전국","스웨터",118.71,118.71,118.71,118.71,118.71,118.71
"전국","청바지",118.34,118.34,118.34,118.34,118.34,118.34
"전국","운동복",104.92,104.92,105.04,105.04,105.04,105.04
"전국","등산복",103.46,103.46,103.46,103.46,103.46,103.46
"전국","유아동복",118.19,118.19,118.19,118.19,118.19,118.19
"전국","양말",103.99,103.95,104.14,104.14,103.87,104.23
"전국","모자",113.28,113.28,113.28,113.28,113.28,113.28
"전국","장갑",147.62,147.64,147.62,147.70,147.55,147.80
"전국","침구",111.15,111.15,111.15,111.15,111.15,111.15
"전국","커튼",106.88,106.57,106.65,106.89,107.12,106.82
"전국","출판물",106.79,108.11,108.11,108.11,108.02,108.12
"전국","유아용학습교재",112.36,112.36,112.36,112.36,112.36,112.36
"전국","초등학교학습서",109.09,109.09,109.09,109.09,109.09,109.09
"전국","중학교학습서",102.68,102.68,102.68,102.68,102.68,102.68
"전국","고등학교학습서",119.87,123.53,123.53,123.53,123.53,123.53
"전국","대학교재",101.29,101.29,101.29,101.29,99.24,101.29
"전국","서적",101.85,101.85,101.85,101.85,101.85,101.88
"전국","신문",111.11,120.37,120.37,120.37,120.37,120.37
"전국","석유류",126.88,123.18,127.19,127.15,121.96,119.20
"전국","취사용LPG",130.69,130.64,130.64,133.32,133.60,133.66
"전국","등유",159.91,158.52,158.70,158.49,156.69,154.20
"전국","부탄가스",139.74,138.83,141.74,137.84,134.52,144.05
"전국","휘발유",122.37,118.80,122.83,122.39,116.90,114.23
"전국","경유",128.79,123.65,128.82,128.54,122.07,118.36
"전국","자동차용LPG",122.64,122.57,124.10,128.31,128.50,128.49
"전국","의약품",104.64,105.09,104.85,104.90,105.18,105.00
"전국","감기약",126.96,126.96,126.96,126.91,126.78,127.10
"전국","진통제",118.87,119.25,119.20,119.19,119.32,119.41
"전국","소화제",118.30,118.38,118.64,118.85,119.30,119.89
"전국","위장약",107.99,108.26,108.55,108.77,108.92,109.17
"전국","진해거담제",109.73,110.18,110.35,110.35,110.45,110.56
"전국","소염진통제",113.99,114.15,114.13,114.20,114.30,114.34
"전국","피부질환제",110.33,110.61,111.11,111.29,111.60,111.69
"전국","치과구강용약",111.96,111.99,111.97,112.06,112.06,112.05
"전국","조제약",95.83,95.74,95.00,94.88,94.88,94.32
"전국","한방약",123.32,125.58,126.63,127.38,128.94,129.57
"전국","비타민제",112.24,112.11,112.11,112.13,112.19,112.32
"전국","병원약품",95.12,95.56,94.87,94.71,94.71,94.25
"전국","화장품",115.07,116.33,117.46,116.44,115.99,118.23
"전국","샴푸",126.27,125.69,127.48,127.20,125.56,150.15
"전국","바디워시",108.76,110.56,112.14,102.61,112.52,105.40
"전국","기초화장품",103.56,103.64,103.54,103.74,102.92,102.93
"전국","기능성화장품",126.93,127.32,132.26,129.79,129.84,129.53
"전국","색조화장품",107.31,107.41,107.86,108.20,106.00,109.23
"전국","모발염색약",120.18,137.17,127.24,128.51,124.68,128.77
"전국","기타",109.15,109.46,109.50,109.73,109.36,109.62
"전국","담배",100.00,100.00,100.00,100.00,100.00,100.00
"전국","아동화",113.00,113.00,116.17,116.17,116.17,116.17
"전국","구두",112.31,112.31,112.31,113.86,113.86,113.86
"전국","운동화",107.80,107.80,107.80,107.80,107.80,107.80
"전국","실내화",125.00,125.08,125.38,125.30,125.60,125.83
"전국","주택수선재료",119.26,119.47,119.51,119.57,119.76,119.79
"전국","식기",119.90,121.37,122.91,119.85,120.37,123.44
"전국","컵",105.49,105.56,105.72,102.31,101.07,103.43
"전국","솥",117.32,122.63,106.02,120.92,110.47,122.54
"전국","프라이팬",122.08,112.46,123.04,122.63,106.70,122.66
"전국","냄비",123.20,122.29,115.85,125.46,108.59,123.37
"전국","수저",110.32,108.58,110.41,112.15,106.60,112.26
"전국","밀폐용기",122.96,124.11,122.58,126.36,123.77,127.21
"전국","부엌용용구",114.75,112.88,116.89,116.11,117.40,119.20
"전국","건전지",129.96,132.88,130.90,132.96,133.64,131.20
"전국","소형가사용품",107.59,106.60,109.10,109.39,108.26,107.58
"전국","세탁세제",118.41,132.84,133.13,132.54,132.08,129.67
"전국","섬유유연제",139.05,138.25,140.73,136.10,137.48,143.05
"전국","전구",109.45,105.39,109.96,103.83,100.87,106.97
"전국","부엌용세제",118.88,118.86,118.89,118.91,118.03,118.36
"전국","청소용세제",127.24,127.49,127.70,128.19,128.07,127.94
"전국","살충제",130.96,129.35,129.04,130.87,130.58,130.84
"전국","가정용비닐용품",123.17,123.96,124.85,129.72,130.57,132.40
"전국","키친타월",129.46,135.29,130.00,128.85,133.44,136.04
"전국","방향제",128.10,127.14,129.62,126.94,128.04,129.29
"전국","습기제거제",121.21,119.85,115.89,117.41,143.22,139.72
"전국","종이기저귀",121.84,111.00,111.34,114.67,113.32,113.60
"전국","생리대",122.67,123.41,113.78,118.22,123.46,119.19
"전국","마스크",70.85,70.85,70.85,70.88,70.80,70.80
"전국","반창고",101.52,101.55,101.63,101.63,101.70,101.69
"전국","안경",101.19,101.21,101.12,101.17,101.10,101.19
"전국","콘택트렌즈",98.26,98.24,98.31,98.15,97.97,98.38
"전국","의료측정기",99.09,99.19,99.01,99.22,99.13,99.00
"전국","보청기",101.95,101.95,101.95,101.95,101.95,101.95
"전국","치료재료",104.31,104.31,104.31,104.31,104.31,104.31
"전국","자동차타이어",120.06,120.20,120.16,120.22,120.17,120.09
"전국","컴퓨터소모품",116.48,116.48,118.23,117.55,116.27,116.41
"전국","저장장치",115.48,115.45,115.14,131.87,131.71,131.81
"전국","장난감",100.00,101.23,100.73,100.68,98.65,100.74
"전국","레저용품",112.59,112.59,112.62,112.66,112.66,109.27
"전국","운동용품",99.26,100.87,100.19,100.31,100.49,98.50
"전국","원예용품",115.37,115.55,115.96,115.96,115.96,116.05
"전국","반려동물용품",115.33,116.17,118.10,116.29,117.44,116.01
"전국","종이문구",116.56,116.56,117.53,117.93,117.94,118.44
"전국","기타문구",124.89,124.46,124.89,125.49,125.46,125.51
"전국","필기구",115.22,115.17,115.29,115.33,115.58,115.28
"전국","회화용구",115.14,115.21,114.91,114.46,114.32,115.58
"전국","칫솔",104.63,105.37,102.68,103.52,104.75,104.37
"전국","치약",108.27,109.03,107.87,107.37,106.61,107.03
"전국","비누",131.70,132.67,129.63,129.94,130.51,134.08
"전국","화장지",120.60,120.27,121.60,123.10,118.85,118.86
"전국","구강세정제",121.28,117.48,120.83,115.69,113.45,111.55
"전국","가방",108.07,108.07,108.07,108.07,108.07,108.07
"전국","핸드백",112.62,112.62,112.62,112.62,112.62,112.62
"전국","우산",106.20,106.22,105.82,105.86,105.32,106.29
"전국","유모차",105.34,105.34,107.21,107.21,107.04,107.00
"전국","선글라스",99.27,99.83,99.93,99.93,99.94,99.69
"전국","지갑",122.69,122.69,122.69,122.69,122.69,122.69
"전국","전기 · 가스 · 수도",136.72,136.77,129.95,133.03,140.41,140.34
"전국","전기 · 가스 · 수도",136.72,136.77,129.95,133.03,140.41,140.34
"전국","상수도료",112.26,112.54,113.05,113.05,112.94,112.44
"전국","전기료",143.41,143.41,127.02,127.02,142.78,142.78
"전국","도시가스",136.18,136.18,136.52,145.47,145.50,145.50
"전국","지역난방비",148.49,148.49,162.91,162.99,162.99,162.99
"전국","집세",103.89,103.96,104.01,104.09,104.15,104.22
"전국","집세",103.89,103.96,104.01,104.09,104.15,104.22
"전국","전세",104.43,104.45,104.49,104.55,104.61,104.66
"전국","월세",103.21,103.33,103.38,103.49,103.56,103.65
"전국","공공서비스",104.74,104.77,104.83,104.90,104.75,104.75
"전국","공공서비스",104.74,104.77,104.83,104.90,104.75,104.75
"전국","하수도료",115.36,115.76,115.76,115.76,115.76,115.79
"전국","쓰레기봉투료",104.49,104.49,105.34,105.34,105.34,105.34
"전국","정화조청소료",107.37,107.37,107.76,108.10,108.10,110.87
"전국","외래진료비",108.22,108.22,108.22,108.22,108.22,108.22
"전국","한방진료비",113.18,113.18,113.18,113.18,113.18,113.18
"전국","약국조제료",112.85,112.85,112.85,112.85,112.85,112.85
"전국","치과진료비",109.43,109.43,109.43,109.43,109.43,109.43
"전국","입원진료비",106.75,106.75,106.75,106.75,106.75,106.75
"전국","도로통행료",97.28,97.28,97.28,97.28,97.28,97.28
"전국","열차료",100.00,100.00,100.00,100.00,100.00,100.00
"전국","도시철도료",112.23,112.23,112.23,112.23,112.23,112.23
"전국","시내버스료",112.23,112.23,112.23,112.23,112.19,112.50
"전국","시외버스료",110.18,110.18,110.18,110.18,110.18,110.18
"전국","택시료",121.66,121.66,121.68,122.21,122.21,122.21
"전국","국제항공료",119.62,120.75,124.65,128.03,120.76,118.88
"전국","우편료",109.99,109.99,109.99,109.99,109.99,109.99
"전국","유선전화료",100.24,100.24,100.24,100.24,100.24,100.24
"전국","휴대전화료",101.89,101.90,101.89,101.90,101.89,101.90
"전국","인터넷이용료",100.62,100.62,100.62,100.62,100.62,100.62
"전국","방송수신료",100.93,100.93,100.93,100.93,100.93,100.93
"전국","유치원납입금",64.97,64.97,64.97,65.05,65.05,65.05
"전국","전문대학납입금",101.70,101.70,101.70,101.70,101.70,101.70
"전국","국공립대학교납입금",100.67,100.67,100.67,100.67,100.67,100.67
"전국","사립대학교납입금",99.67,99.67,99.67,99.67,99.73,99.73
"전국","국공립대학원납입금",104.12,104.12,104.12,104.12,104.12,104.12
"전국","사립대학원납입금",103.14,103.14,103.14,103.14,103.14,103.14
"전국","보육시설이용료",93.44,93.44,93.44,89.71,88.86,88.86
"전국","요양시설이용료",112.87,112.87,112.87,112.87,112.87,112.87
"전국","부동산중개수수료",92.28,92.28,92.28,92.28,92.28,92.28
"전국","행정수수료",100.00,100.00,98.67,98.67,98.67,98.67
"전국","개인서비스",116.58,116.59,117.31,117.69,117.22,117.55
"전국","외식",120.68,121.08,121.23,121.30,121.26,121.86
"전국","김치찌개백반",122.62,122.68,122.98,123.12,123.50,123.59
"전국","된장찌개백반",121.59,121.59,121.63,121.96,122.42,122.42
"전국","비빔밥",123.59,123.86,124.00,124.39,124.69,125.23
"전국","설렁탕",123.23,123.46,123.59,123.88,124.51,125.23
"전국","갈비탕",127.24,127.32,127.85,127.89,128.25,128.56
"전국","삼계탕",119.25,119.24,119.89,119.90,120.46,120.32
"전국","해물찜",113.17,113.13,113.19,113.48,113.52,113.71
"전국","해장국",124.21,124.21,124.31,124.41,124.87,125.93
"전국","불고기",118.44,118.66,118.95,119.03,119.24,119.53
"전국","쇠고기(외식)",118.64,118.58,118.56,118.64,118.88,119.07
"전국","돼지갈비(외식)",121.37,121.49,121.52,121.65,121.86,122.07
"전국","삼겹살(외식)",119.95,120.00,120.07,120.17,120.45,120.68
"전국","오리고기(외식)",121.24,121.32,121.30,121.51,121.57,121.54
"전국","냉면",122.99,123.82,124.23,124.44,124.48,124.81
"전국","칼국수",123.88,124.61,125.32,125.50,125.81,126.63
"전국","죽(외식)",118.48,118.48,118.48,118.48,118.48,118.48
"전국","생선초밥",114.99,115.04,115.15,115.41,115.53,115.53
"전국","생선회(외식)",126.29,126.38,126.25,126.56,127.21,129.10
"전국","자장면",125.91,126.14,126.33,126.39,126.71,127.45
"전국","짬뽕",122.63,122.89,123.07,123.07,123.35,124.02
"전국","탕수육",117.26,117.47,117.58,117.76,118.12,118.25
"전국","볶음밥",122.47,122.91,122.95,123.09,123.38,123.77
"전국","돈가스",123.41,124.13,124.18,124.48,124.78,125.05
"전국","스테이크",115.90,115.90,116.43,116.53,116.79,116.89
"전국","스파게티",115.06,115.16,115.17,115.36,115.50,115.51
"전국","라면(외식)",126.80,126.80,126.95,127.34,128.15,128.40
"전국","김밥",132.40,132.70,133.12,133.36,133.65,134.09
"전국","떡볶이",128.26,129.19,129.41,129.69,130.36,131.01
"전국","치킨",122.42,124.86,125.34,125.65,125.96,126.03
"전국","햄버거",126.03,131.02,131.02,132.01,132.01,132.01
"전국","피자",119.92,119.92,119.92,119.92,111.08,120.46
"전국","쌀국수",121.21,121.38,121.81,121.81,121.69,122.08
"전국","커피(외식)",106.96,106.96,107.00,105.50,106.03,105.28
"전국","기타음료(외식)",105.38,105.38,105.44,104.76,104.76,104.78
"전국","소주(외식)",116.57,115.69,115.69,115.81,114.45,114.51
"전국","맥주(외식)",118.82,118.09,118.24,118.26,117.21,117.35
"전국","막걸리(외식)",118.04,118.20,118.41,118.41,118.60,119.40
"전국","구내식당식사비",121.11,121.41,121.63,121.76,121.93,121.93
"전국","도시락",122.60,122.60,122.60,122.60,122.60,129.28
"전국","외식제외",113.74,113.49,114.60,115.18,114.42,114.57
"전국","의복수선료",118.32,118.53,118.82,118.82,118.93,120.01
"전국","세탁료",126.40,126.56,126.83,126.97,127.11,127.85
"전국","설비수리비",118.56,118.29,118.52,118.66,118.89,119.42
"전국","공동주택관리비",120.74,121.80,121.00,122.72,122.62,123.56
"전국","가전제품수리비",119.55,119.55,134.34,134.34,126.95,126.95
"전국","가전제품렌탈비",101.21,93.84,93.84,93.84,93.84,93.84
"전국","가사도우미료",116.66,116.66,116.80,116.81,116.81,117.24
"전국","간병도우미료",133.19,133.63,133.79,133.85,134.11,134.36
"전국","건강기기렌탈비",104.94,101.78,101.78,101.78,106.52,106.52
"전국","건강검진비",105.40,105.54,105.92,105.92,105.92,105.92
"전국","치과보철료",101.47,101.78,101.78,101.91,101.94,102.29
"전국","병원검사료",61.22,61.22,61.27,61.32,61.34,61.29
"전국","자동차수리비",114.00,114.04,114.16,114.28,114.43,114.48
"전국","엔진오일교체료",130.12,130.13,130.43,130.57,130.93,130.98
"전국","세차료",129.45,129.93,130.18,130.44,130.75,131.03
"전국","자동차학원비",110.43,112.12,112.15,112.44,112.64,112.74
"전국","주차료",108.71,108.99,108.85,108.85,109.23,109.38
"전국","승용차임차료",95.75,82.66,103.55,101.27,93.60,89.23
"전국","대리운전이용료",133.42,133.02,133.02,133.29,133.36,133.53
"전국","자동차검사료",100.00,100.00,100.00,100.00,100.00,100.00
"전국","국내항공료",109.70,109.98,108.92,123.93,111.14,107.03
"전국","여객선료",116.77,117.00,116.36,117.49,116.48,114.91
"전국","이삿짐운송료",124.63,124.78,125.02,125.19,125.64,125.77
"전국","택배이용료",112.10,112.13,112.13,112.13,112.33,113.77
"전국","휴대전화기수리비",106.34,106.34,106.34,106.34,106.34,106.34
"전국","컴퓨터수리비",165.07,165.07,178.77,178.77,165.07,165.07
"전국","반려동물관리비",110.38,110.57,110.65,110.71,110.90,111.20
"전국","수영장이용료",109.13,109.54,109.66,109.96,109.96,110.74
"전국","볼링장이용료",106.86,106.86,107.09,107.13,107.19,107.33
"전국","헬스클럽이용료",106.57,107.04,107.31,107.19,107.19,107.44
"전국","골프연습장이용료",105.06,105.02,105.03,105.02,105.04,105.00
"전국","골프장이용료",117.20,118.18,117.89,117.73,118.43,118.43
"전국","당구장이용료",106.38,106.50,106.75,106.97,107.04,107.05
"전국","노래방이용료",119.99,120.09,120.09,120.09,120.54,120.66
"전국","PC방이용료",112.33,112.39,112.42,112.58,112.78,112.82
"전국","놀이시설이용료",114.68,116.90,123.92,124.04,117.35,115.89
"전국","운동경기관람료",119.28,119.28,119.28,119.28,119.28,121.27
"전국","영화관람료",128.81,128.81,128.81,128.81,128.81,128.81
"전국","공연예술관람료",107.03,108.55,108.55,108.55,108.55,108.55
"전국","관람시설이용료",108.76,108.76,108.76,108.76,109.95,109.95
"전국","독서실비",99.54,99.61,99.88,99.92,99.99,100.15
"전국","문화강습료",113.51,113.53,113.49,113.49,113.67,113.48
"전국","온라인콘텐츠이용료",107.44,107.44,107.44,107.44,107.44,110.33
"전국","사진서비스료",117.84,117.84,118.18,118.32,118.43,118.49
"전국","국내단체여행비",131.98,122.59,129.45,136.13,122.03,125.98
"전국","해외단체여행비",113.28,112.27,115.07,114.89,115.62,111.18
"전국","초등학생학원비",107.99,107.98,108.10,108.37,108.47,108.48
"전국","중학생학원비",107.67,107.67,107.84,108.04,108.10,108.17
"전국","고등학생학원비",106.48,106.48,106.47,106.62,106.75,106.75
"전국","음악학원비",114.69,114.78,114.74,114.96,114.96,114.87
"전국","미술학원비",115.98,116.06,116.06,116.26,116.43,116.43
"전국","운동학원비",116.40,116.40,116.40,116.40,116.53,116.87
"전국","전산학원비",110.32,110.72,110.89,111.14,111.24,111.24
"전국","가정학습지",110.86,110.86,115.31,117.84,117.84,117.84
"전국","이러닝이용료",98.57,98.57,98.57,98.57,98.57,98.57
"전국","학교보충교육비",105.26,105.25,105.25,105.36,104.78,104.83
"전국","기타학원비",106.64,106.64,107.08,107.08,107.08,107.08
"전국","취업학원비",105.56,105.62,106.08,106.09,107.16,107.16
"전국","외국어학원비",111.30,111.25,111.38,111.36,111.49,111.47
"전국","운동강습료",106.73,106.85,106.99,106.99,107.09,107.55
"전국","호텔숙박료",120.02,120.29,126.44,133.21,121.30,128.01
"전국","여관숙박료",107.13,107.34,107.98,108.29,107.99,107.85
"전국","콘도이용료",111.34,108.28,133.88,150.45,114.78,109.62
"전국","학교기숙사비",110.49,110.49,110.49,110.49,110.82,110.82
"전국","휴양시설이용료",110.56,112.83,129.18,135.00,114.19,111.67
"전국","목욕료",130.52,130.63,130.45,130.53,131.38,131.47
"전국","찜질방이용료",127.19,127.53,127.59,127.72,128.29,128.48
"전국","이발료",114.73,114.73,115.03,115.18,115.06,115.31
"전국","미용료",114.18,114.07,114.33,114.69,115.01,115.34
"전국","뷰티미용료",115.21,115.62,115.73,115.94,116.38,116.40
"전국","산후조리원이용료",115.90,116.07,116.42,116.40,116.70,116.94
"전국","보험서비스료",163.55,163.55,163.55,163.55,163.55,163.55
"전국","자동차보험료",94.54,94.54,94.45,94.45,94.45,94.45
"전국","금융수수료",100.00,100.00,100.00,100.00,100.00,100.00
"전국","대입전형료",101.03,101.03,101.03,101.03,94.03,94.03
"전국","시험응시료",111.37,116.10,116.10,116.10,116.10,116.10
"전국","장례비",108.07,108.12,108.36,108.36,108.44,108.51
